timestamp_utc,okx_symbol,company,inst_id,price,market_cap,trailing_pe,forward_pe,price_to_sales,ev_to_sales,operating_margin,profit_margin,speculative_growth,eps_growth_1y,peg_1y,fcf_yield,revenue_growth_0y,revenue_growth_1y,pe_change_pct,pe_trend_long_score,pe_trend_long_signal,pe_trend_short_score,pe_trend_short_signal,combined_long_score,combined_long_signal,combined_short_score,combined_short_signal,funding_annualized,short_score,short_signal,long_score,long_signal
2026-10-02 21:50 UTC,CBRS,Cerebras Systems Inc.,xCBRS/USDC,166.43,39537782784.0,,130.66861,58.086308,49.71165066180146,-2.64968,-0.75271004,True,3.7132,0.35190296779058494,,,2.3273,,0,—,0,—,0,—,62,WATCH,,88,CORE,0,—
2026-10-02 21:50 UTC,NBIS,Nebius Group N.V.,xNBIS/USDC,242.81,66009169920.0,,-69.5621,48.71166,48.573447543096215,-0.00223,0.03129,True,-1.4777,,-0.14565628350807172,5.2959003,2.688,,0,—,0,—,0,—,56,WATCH,,80,WATCH,0,—
2026-10-02 21:50 UTC,NVDA,NVIDIA Corporation,xNVDA/USDC,233.95,5649190617088.0,29.53914,14.905945,18.646038,18.286025033120048,0.66236997,0.63663,False,0.6863,0.21719284569430278,0.007401038091639369,0.90589994,0.66019994,-0.49538324406194634,90,CORE,5,—,80,CORE,14,—,,18,—,75,WATCH
2026-10-02 21:50 UTC,HOOD,"Robinhood Markets, Inc.",xHOOD/USDC,112.74,101362540544.0,49.884956,32.800144,20.552017,20.075830816588137,0.43884,0.42011002,False,0.3384,0.9692713947990546,,0.1752,0.2775,-0.3424842551730425,86,CORE,0,—,75,CORE,4,—,,5,—,70,WATCH
2026-10-02 21:50 UTC,MRVL,"Marvell Technology, Inc.",xMRVL/USDC,272.29,244708294656.0,89.86469,40.343086,25.894234,25.01853316067111,0.16679001,0.27934998,False,0.6074,0.6641930523542969,0.009840491608121126,0.4705,0.5123,-0.5510685453875154,100,CORE,0,—,76,CORE,23,—,,33,—,65,WATCH
2026-10-02 21:50 UTC,AMD,"Advanced Micro Devices, Inc.",xAMD/USDC,633.91,1034842210304.0,160.89085,40.67883,25.053679,24.12126420373833,0.1725,0.15577,False,1.0567,0.38496101069366895,0.008543814274257986,0.4706,0.7321,-0.7471650500945206,100,CORE,0,—,76,CORE,23,—,,33,—,65,WATCH
2026-10-02 21:50 UTC,TSLA,"Tesla, Inc.",xTSLA/USDC,370.59,1463662804992.0,349.61322,171.33147,14.125428,13.238799178167358,0.014099999,0.03671,False,0.2349,7.29380459770115,0.0033040395147750116,0.1228,0.1373,-0.5099399559318725,55,WATCH,5,—,32,—,46,—,,63,WATCH,22,—
2026-10-02 21:50 UTC,MU,"Micron Technology, Inc.",xMU/USDC,1074.89,1213973397504.0,14.468839,5.2488065,9.114736,9.023303480480525,0.80678004,0.63796,False,0.16049999,0.3270284627432064,0.022966937227228763,1.0626,0.1407,-0.637233747642088,75,CORE,13,—,66,WATCH,30,—,,38,—,62,WATCH
2026-10-02 21:50 UTC,LITE,Lumentum Holdings Inc.,xLITE/USDC,1085.42,97362173952.0,,31.25594,32.303307,30.76949587707516,0.27954,-2.3009598,True,0.5945,0.525751724137931,0.0023078778018122124,1.1029,0.52779996,,0,—,0,—,0,—,41,—,,59,—,0,—
2026-10-02 21:50 UTC,AAPL,Apple Inc.,xAAPL/USDC,333.69,4869931925504.0,38.2672,34.821583,10.432074,10.37372787207239,0.32623002,0.27618998,False,0.0857,4.063195215869311,0.022119790811008438,0.14819999,0.104899995,-0.09004100117071556,26,—,20,—,11,—,47,—,,58,—,5,—
2026-10-02 21:50 UTC,INTC,Intel Corporation,xINTC/USDC,119.33,630790946816.0,,57.86876,11.060299,11.251420801808239,0.12189999,-0.19794,True,0.35639998,1.623702672486121,0.007714719421012091,0.1934,0.1416,,0,—,0,—,4,—,34,—,,48,—,5,—
2026-10-02 21:50 UTC,CRCL,"Circle Internet Group, Inc.",xCRCL/USDC,81.25,22148272128.0,16.282566,54.194847,7.6230383,6.655127583722481,0.04899,0.15531999,False,0.2935,1.8465024531516185,0.009311307663557348,0.0941,0.23709999,2.328397194889307,40,—,50,WATCH,42,—,31,—,,23,—,43,—
2026-10-02 21:50 UTC,COIN,"Coinbase Global, Inc.",xCOIN/USDC,183.0,48282157056.0,,64.54548,7.988771,7.912490845423305,-0.13922,-0.16344,True,2.3991,0.2690403901463049,0.05526788831959182,-0.2573,0.2944,,0,—,0,—,14,—,28,—,,40,—,20,—
2026-10-02 21:50 UTC,CRWV,"CoreWeave, Inc.",xCRWV/USDC,89.62,49428709376.0,,-49.556526,6.5123463,12.506402394621936,-0.01903,-0.25402,True,0.154,-3.2179562337662335,-0.1838732092894369,1.5082,1.0407,,0,—,0,—,0,—,28,—,,40,—,0,—
2026-10-02 21:50 UTC,META,"Meta Platforms, Inc.",xMETA/USDC,728.08,1854788337664.0,27.402334,20.858347,8.126233,8.198877747622207,0.34827,0.29834998,False,0.093,2.2428330107526877,0.011620530844584434,0.2647,0.2056,-0.23881129979657945,51,WATCH,20,—,27,—,33,—,,38,—,17,—
2026-10-02 21:50 UTC,GOOGL,Alphabet Inc.,xGOOGL/USDC,343.5,4200982642688.0,17.243977,22.791302,9.422074,9.045352931449465,0.34033,0.54771,False,-0.2755,,0.0053951665331085,0.2378,0.2334,0.32169638129301603,0,—,70,CORE,1,—,48,—,,38,—,2,—
2026-10-02 21:50 UTC,AMZN,"Amazon.com, Inc.",xAMZN/USDC,251.52,2712973606912.0,20.21865,24.009829,3.4975421,3.617643147505504,0.13689,0.1744,False,-0.1838,,0.0011865670140684189,0.15529999,0.1444,0.18750900777252677,0,—,52,WATCH,0,—,42,—,,38,—,0,—
2026-10-02 21:50 UTC,MSTR,Strategy Inc,xMSTR/USDC,160.01,63804116992.0,,3.2331781,128.03151,161.39742370039474,-68.081116,0.0,False,1.5597999,0.020728159426090485,-0.3540135674134023,0.0513,0.0222,,0,—,0,—,18,—,18,—,,25,—,25,—
2026-10-02 21:50 UTC,CBRS,Cerebras Systems Inc.,xCBRS/USDC,166.43,39537782784.0,,130.66861,58.086308,49.71165066180146,-2.64968,-0.75271004,True,3.7132,0.35190296779058494,,,2.3273,,0,—,0,—,0,—,88,CORE,,88,CORE,0,—
2026-10-02 21:50 UTC,NBIS,Nebius Group N.V.,xNBIS/USDC,242.81,66009169920.0,,-69.5621,48.71166,48.573447543096215,-0.00223,0.03129,True,-1.4777,,-0.14565628350807172,5.2959003,2.688,,0,—,0,—,0,—,80,CORE,,80,WATCH,0,—
2026-10-02 21:50 UTC,NVDA,NVIDIA Corporation,xNVDA/USDC,233.95,5649190617088.0,29.53914,14.905945,18.646038,18.286025033120048,0.66236997,0.63663,False,0.6863,0.21719284569430278,0.007401038091639369,0.90589994,0.66019994,-0.49538324406194634,90,CORE,5,—,80,CORE,14,—,,18,—,75,WATCH
2026-10-02 21:50 UTC,HOOD,"Robinhood Markets, Inc.",xHOOD/USDC,112.74,101362540544.0,49.884956,32.800144,20.552017,20.075830816588137,0.43884,0.42011002,False,0.3384,0.9692713947990546,,0.1752,0.2775,-0.3424842551730425,86,CORE,0,—,75,CORE,4,—,,5,—,70,WATCH
2026-10-02 21:50 UTC,MRVL,"Marvell Technology, Inc.",xMRVL/USDC,272.29,244708294656.0,89.86469,40.343086,25.894234,25.01853316067111,0.16679001,0.27934998,False,0.6074,0.6641930523542969,0.009840491608121126,0.4705,0.5123,-0.5510685453875154,100,CORE,0,—,76,CORE,23,—,,33,—,65,WATCH
2026-10-02 21:50 UTC,AMD,"Advanced Micro Devices, Inc.",xAMD/USDC,633.91,1034842210304.0,160.89085,40.67883,25.053679,24.12126420373833,0.1725,0.15577,False,1.0567,0.38496101069366895,0.008543814274257986,0.4706,0.7321,-0.7471650500945206,100,CORE,0,—,76,CORE,23,—,,33,—,65,WATCH
2026-10-02 21:50 UTC,TSLA,"Tesla, Inc.",xTSLA/USDC,370.59,1463662804992.0,349.61322,171.33147,14.125428,13.238799178167358,0.014099999,0.03671,False,0.2349,7.29380459770115,0.0033040395147750116,0.1228,0.1373,-0.5099399559318725,55,WATCH,5,—,32,—,46,—,,63,WATCH,22,—
2026-10-02 21:50 UTC,MU,"Micron Technology, Inc.",xMU/USDC,1074.89,1213973397504.0,14.468839,5.2488065,9.114736,9.023303480480525,0.80678004,0.63796,False,0.16049999,0.3270284627432064,0.022966937227228763,1.0626,0.1407,-0.637233747642088,75,CORE,13,—,66,WATCH,30,—,,38,—,62,WATCH
2026-10-02 21:50 UTC,LITE,Lumentum Holdings Inc.,xLITE/USDC,1085.42,97362173952.0,,31.25594,32.303307,30.76949587707516,0.27954,-2.3009598,True,0.5945,0.525751724137931,0.0023078778018122124,1.1029,0.52779996,,0,—,0,—,0,—,59,WATCH,,59,—,0,—
2026-10-02 21:50 UTC,AAPL,Apple Inc.,xAAPL/USDC,333.69,4869931925504.0,38.2672,34.821583,10.432074,10.37372787207239,0.32623002,0.27618998,False,0.0857,4.063195215869311,0.022119790811008438,0.14819999,0.104899995,-0.09004100117071556,26,—,20,—,11,—,47,—,,58,—,5,—
2026-10-02 21:50 UTC,INTC,Intel Corporation,xINTC/USDC,119.33,630790946816.0,,57.86876,11.060299,11.251420801808239,0.12189999,-0.19794,True,0.35639998,1.623702672486121,0.007714719421012091,0.1934,0.1416,,0,—,0,—,5,—,48,—,,48,—,5,—
2026-10-02 21:50 UTC,CRCL,"Circle Internet Group, Inc.",xCRCL/USDC,81.25,22148272128.0,16.282566,54.194847,7.6230383,6.655127583722481,0.04899,0.15531999,False,0.2935,1.8465024531516185,0.009311307663557348,0.0941,0.23709999,2.328397194889307,40,—,50,WATCH,42,—,31,—,,23,—,43,—
2026-10-02 21:50 UTC,COIN,"Coinbase Global, Inc.",xCOIN/USDC,183.0,48282157056.0,,64.54548,7.988771,7.912490845423305,-0.13922,-0.16344,True,2.3991,0.2690403901463049,0.05526788831959182,-0.2573,0.2944,,0,—,0,—,20,—,40,—,,40,—,20,—
2026-10-02 21:50 UTC,CRWV,"CoreWeave, Inc.",xCRWV/USDC,89.62,49428709376.0,,-49.556526,6.5123463,12.506402394621936,-0.01903,-0.25402,True,0.154,-3.2179562337662335,-0.1838732092894369,1.5082,1.0407,,0,—,0,—,0,—,40,—,,40,—,0,—
2026-10-02 21:50 UTC,META,"Meta Platforms, Inc.",xMETA/USDC,728.08,1854788337664.0,27.402334,20.858347,8.126233,8.198877747622207,0.34827,0.29834998,False,0.093,2.2428330107526877,0.011620530844584434,0.2647,0.2056,-0.23881129979657945,51,WATCH,20,—,27,—,33,—,,38,—,17,—
2026-10-02 21:50 UTC,GOOGL,Alphabet Inc.,xGOOGL/USDC,343.5,4200982642688.0,17.243977,22.791302,9.422074,9.045352931449465,0.34033,0.54771,False,-0.2755,,0.0053951665331085,0.2378,0.2334,0.32169638129301603,0,—,70,CORE,1,—,48,—,,38,—,2,—
2026-10-02 21:50 UTC,AMZN,"Amazon.com, Inc.",xAMZN/USDC,251.52,2712973606912.0,20.21865,24.009829,3.4975421,3.617643147505504,0.13689,0.1744,False,-0.1838,,0.0011865670140684189,0.15529999,0.1444,0.18750900777252677,0,—,52,WATCH,0,—,42,—,,38,—,0,—
2026-10-02 21:50 UTC,MSTR,Strategy Inc,xMSTR/USDC,160.01,63804116992.0,,3.2331781,128.03151,161.39742370039474,-68.081116,0.0,False,1.5597999,0.020728159426090485,-0.3540135674134023,0.0513,0.0222,,0,—,0,—,25,—,25,—,,25,—,25,—
2026-10-02 21:51 UTC,CBRS,Cerebras Systems Inc.,xCBRS/USDC,166.43,39537782784.0,,130.66861,58.086308,49.71165066180146,-2.64968,-0.75271004,True,3.7132,0.35190296779058494,,,2.3273,,0,—,0,—,0,—,88,CORE,,88,CORE,0,—
2026-10-02 21:51 UTC,NBIS,Nebius Group N.V.,xNBIS/USDC,242.81,66009169920.0,,-69.5621,48.71166,48.573447543096215,-0.00223,0.03129,True,-1.4777,,-0.14565628350807172,5.2959003,2.688,,0,—,0,—,0,—,80,WATCH,,80,WATCH,0,—
2026-10-02 21:51 UTC,NVDA,NVIDIA Corporation,xNVDA/USDC,233.95,5649190617088.0,29.53914,14.905945,18.646038,18.286025033120048,0.66236997,0.63663,False,0.6863,0.21719284569430278,0.007401038091639369,0.90589994,0.66019994,-0.49538324406194634,90,CORE,5,—,80,CORE,14,—,,18,—,75,WATCH
2026-10-02 21:51 UTC,HOOD,"Robinhood Markets, Inc.",xHOOD/USDC,112.74,101362540544.0,49.884956,32.800144,20.552017,20.075830816588137,0.43884,0.42011002,False,0.3384,0.9692713947990546,,0.1752,0.2775,-0.3424842551730425,86,CORE,0,—,75,CORE,4,—,,5,—,70,WATCH
2026-10-02 21:51 UTC,MRVL,"Marvell Technology, Inc.",xMRVL/USDC,272.29,244708294656.0,89.86469,40.343086,25.894234,25.01853316067111,0.16679001,0.27934998,False,0.6074,0.6641930523542969,0.009840491608121126,0.4705,0.5123,-0.5510685453875154,100,CORE,0,—,76,CORE,23,—,,33,—,65,WATCH
2026-10-02 21:51 UTC,AMD,"Advanced Micro Devices, Inc.",xAMD/USDC,633.91,1034842210304.0,160.89085,40.67883,25.053679,24.12126420373833,0.1725,0.15577,False,1.0567,0.38496101069366895,0.008543814274257986,0.4706,0.7321,-0.7471650500945206,100,CORE,0,—,76,CORE,23,—,,33,—,65,WATCH
2026-10-02 21:51 UTC,TSLA,"Tesla, Inc.",xTSLA/USDC,370.59,1463662804992.0,349.61322,171.33147,14.125428,13.238799178167358,0.014099999,0.03671,False,0.2349,7.29380459770115,0.0033040395147750116,0.1228,0.1373,-0.5099399559318725,55,WATCH,5,—,32,—,46,—,,63,WATCH,22,—
2026-10-02 21:51 UTC,MU,"Micron Technology, Inc.",xMU/USDC,1074.89,1213973397504.0,14.468839,5.2488065,9.114736,9.023303480480525,0.80678004,0.63796,False,0.16049999,0.3270284627432064,0.022966937227228763,1.0626,0.1407,-0.637233747642088,75,CORE,13,—,66,WATCH,30,—,,38,—,62,WATCH
2026-10-02 21:51 UTC,LITE,Lumentum Holdings Inc.,xLITE/USDC,1085.42,97362173952.0,,31.25594,32.303307,30.76949587707516,0.27954,-2.3009598,True,0.5945,0.525751724137931,0.0023078778018122124,1.1029,0.52779996,,0,—,0,—,0,—,59,—,,59,—,0,—
2026-10-02 21:51 UTC,AAPL,Apple Inc.,xAAPL/USDC,333.69,4869931925504.0,38.2672,34.821583,10.432074,10.37372787207239,0.32623002,0.27618998,False,0.0857,4.063195215869311,0.022119790811008438,0.14819999,0.104899995,-0.09004100117071556,26,—,20,—,11,—,47,—,,58,—,5,—
2026-10-02 21:51 UTC,INTC,Intel Corporation,xINTC/USDC,119.33,630790946816.0,,57.86876,11.060299,11.251420801808239,0.12189999,-0.19794,True,0.35639998,1.623702672486121,0.007714719421012091,0.1934,0.1416,,0,—,0,—,5,—,48,—,,48,—,5,—
2026-10-02 21:51 UTC,CRCL,"Circle Internet Group, Inc.",xCRCL/USDC,81.25,22148272128.0,16.282566,54.194847,7.6230383,6.655127583722481,0.04899,0.15531999,False,0.2935,1.8465024531516185,0.009311307663557348,0.0941,0.23709999,2.328397194889307,40,—,50,WATCH,42,—,31,—,,23,—,43,—
2026-10-02 21:51 UTC,COIN,"Coinbase Global, Inc.",xCOIN/USDC,183.0,48282157056.0,,64.54548,7.988771,7.912490845423305,-0.13922,-0.16344,True,2.3991,0.2690403901463049,0.05526788831959182,-0.2573,0.2944,,0,—,0,—,20,—,40,—,,40,—,20,—
2026-10-02 21:51 UTC,CRWV,"CoreWeave, Inc.",xCRWV/USDC,89.62,49428709376.0,,-49.556526,6.5123463,12.506402394621936,-0.01903,-0.25402,True,0.154,-3.2179562337662335,-0.1838732092894369,1.5082,1.0407,,0,—,0,—,0,—,40,—,,40,—,0,—
2026-10-02 21:51 UTC,META,"Meta Platforms, Inc.",xMETA/USDC,728.08,1854788337664.0,27.402334,20.858347,8.126233,8.198877747622207,0.34827,0.29834998,False,0.093,2.2428330107526877,0.011620530844584434,0.2647,0.2056,-0.23881129979657945,51,WATCH,20,—,27,—,33,—,,38,—,17,—
2026-10-02 21:51 UTC,GOOGL,Alphabet Inc.,xGOOGL/USDC,343.5,4200982642688.0,17.243977,22.791302,9.422074,9.045352931449465,0.34033,0.54771,False,-0.2755,,0.0053951665331085,0.2378,0.2334,0.32169638129301603,0,—,70,CORE,1,—,48,—,,38,—,2,—
2026-10-02 21:51 UTC,AMZN,"Amazon.com, Inc.",xAMZN/USDC,251.52,2712973606912.0,20.21865,24.009829,3.4975421,3.617643147505504,0.13689,0.1744,False,-0.1838,,0.0011865670140684189,0.15529999,0.1444,0.18750900777252677,0,—,52,WATCH,0,—,42,—,,38,—,0,—
2026-10-02 21:51 UTC,MSTR,Strategy Inc,xMSTR/USDC,160.01,63804116992.0,,3.2331781,128.03151,161.39742370039474,-68.081116,0.0,False,1.5597999,0.020728159426090485,-0.3540135674134023,0.0513,0.0222,,0,—,0,—,25,—,25,—,,25,—,25,—
2026-10-03 00:32 UTC,CBRS,Cerebras Systems Inc.,xCBRS/USDC,166.43,39537782784.0,,130.66861,58.086308,48.633199179052525,-2.64968,-0.75271004,True,3.7132,0.35190296779058494,,,2.3273,,0,—,0,—,0,—,88,CORE,,88,CORE,0,—
2026-10-03 00:32 UTC,NBIS,Nebius Group N.V.,xNBIS/USDC,242.81,61649018880.0,,-69.5621,45.494072,50.70337051545432,-0.00223,0.03129,True,-1.4777,,-0.1559578812878587,5.2959003,2.688,,0,—,0,—,0,—,80,WATCH,,80,WATCH,0,—
2026-10-03 00:32 UTC,NVDA,NVIDIA Corporation,xNVDA/USDC,233.95,5649190617088.0,29.53914,14.905945,18.646038,18.53182103959253,0.66236997,0.63663,False,0.6863,0.21719284569430278,0.007401038091639369,0.90589994,0.66019994,-0.49538324406194634,90,CORE,5,—,80,CORE,14,—,,18,—,75,WATCH
2026-10-03 00:32 UTC,HOOD,"Robinhood Markets, Inc.",xHOOD/USDC,112.74,101362540544.0,49.884956,32.800144,20.552017,20.365681796758828,0.43884,0.42011002,False,0.3384,0.9692713947990546,,0.1752,0.2775,-0.3424842551730425,86,CORE,0,—,75,CORE,4,—,,5,—,70,WATCH
2026-10-03 00:32 UTC,MRVL,"Marvell Technology, Inc.",xMRVL/USDC,272.29,244708294656.0,89.569084,40.343086,25.894234,25.40918118470108,0.16679001,0.27934998,False,0.6074,0.6641930523542969,0.009840491608121126,0.4705,0.5123,-0.5495869311335149,100,CORE,0,—,76,CORE,23,—,,33,—,65,WATCH
2026-10-03 00:32 UTC,AMD,"Advanced Micro Devices, Inc.",xAMD/USDC,633.91,1034842210304.0,160.48354,40.691883,25.053679,24.839781801861104,0.1725,0.15577,False,1.0567,0.38508453676540166,0.008543814274257986,0.4706,0.7321,-0.7464420151748896,100,CORE,0,—,76,CORE,23,—,,33,—,65,WATCH
2026-10-03 00:32 UTC,TSLA,"Tesla, Inc.",xTSLA/USDC,370.59,1463662804992.0,349.61322,171.39409,14.125428,13.866952796485739,0.014099999,0.03671,False,0.2349,7.296470412941678,0.0033040395147750116,0.1228,0.1373,-0.5097608437118024,55,WATCH,5,—,32,—,46,—,,63,WATCH,22,—
2026-10-03 00:32 UTC,MU,"Micron Technology, Inc.",xMU/USDC,1074.89,1213973397504.0,14.468839,5.2488065,9.114736,8.832407273060081,0.80678004,0.63796,False,0.16049999,0.3270284627432064,0.022966937227228763,1.0626,0.1407,-0.637233747642088,75,CORE,13,—,66,WATCH,30,—,,38,—,62,WATCH
2026-10-03 00:32 UTC,LITE,Lumentum Holdings Inc.,xLITE/USDC,1085.42,97362173952.0,,31.25594,32.303307,31.949228084438886,0.27954,-2.3009598,True,0.5945,0.525751724137931,0.0023078778018122124,1.1029,0.52779996,,0,—,0,—,0,—,59,—,,59,—,0,—
2026-10-03 00:32 UTC,AAPL,Apple Inc.,xAAPL/USDC,333.69,4869931925504.0,38.2672,34.821583,10.432074,10.479083456505606,0.32623002,0.27618998,False,0.0857,4.063195215869311,0.022119790811008438,0.14819999,0.104899995,-0.09004100117071556,26,—,20,—,11,—,47,—,,58,—,5,—
2026-10-03 00:32 UTC,INTC,Intel Corporation,xINTC/USDC,119.33,630790946816.0,,57.86876,11.060299,11.192164683447684,0.12189999,-0.19794,True,0.35639998,1.623702672486121,0.007714719421012091,0.1934,0.1416,,0,—,0,—,5,—,48,—,,48,—,5,—
2026-10-03 00:32 UTC,CRCL,"Circle Internet Group, Inc.",xCRCL/USDC,81.25,22148272128.0,16.581633,54.194847,7.6230383,6.510077783165252,0.04899,0.15531999,False,0.2935,1.8465024531516185,0.009311307663557348,0.0941,0.23709999,2.2683660891541866,40,—,50,WATCH,42,—,31,—,,23,—,43,—
2026-10-03 00:32 UTC,COIN,"Coinbase Global, Inc.",xCOIN/USDC,183.0,48282157056.0,,64.659744,7.988771,7.637903950329565,-0.13922,-0.16344,True,2.3991,0.2695166687507816,0.05526788831959182,-0.2573,0.2944,,0,—,0,—,20,—,40,—,,40,—,20,—
2026-10-03 00:32 UTC,CRWV,"CoreWeave, Inc.",xCRWV/USDC,89.62,49428709376.0,,-49.556526,6.5123463,12.58270240071332,-0.01903,-0.25402,True,0.154,-3.2179562337662335,-0.1838732092894369,1.5082,1.0407,,0,—,0,—,0,—,40,—,,40,—,0,—
2026-10-03 00:32 UTC,META,"Meta Platforms, Inc.",xMETA/USDC,728.08,1854788337664.0,27.402334,20.858347,8.126233,8.22287414531999,0.34827,0.29834998,False,0.093,2.2428330107526877,0.011620530844584434,0.2647,0.2056,-0.23881129979657945,51,WATCH,20,—,27,—,33,—,,38,—,17,—
2026-10-03 00:32 UTC,GOOGL,Alphabet Inc.,xGOOGL/USDC,343.5,4200982642688.0,17.243977,22.791302,9.422074,9.189633674463042,0.34033,0.54771,False,-0.2755,,0.0053951665331085,0.2378,0.2334,0.32169638129301603,0,—,70,CORE,1,—,48,—,,38,—,2,—
2026-10-03 00:32 UTC,AMZN,"Amazon.com, Inc.",xAMZN/USDC,251.52,2712973606912.0,20.21865,24.009829,3.4975421,3.6633926267609715,0.13689,0.1744,False,-0.1838,,0.0011865670140684189,0.15529999,0.1444,0.18750900777252677,0,—,52,WATCH,0,—,42,—,,38,—,0,—
2026-10-03 00:32 UTC,MSTR,Strategy Inc,xMSTR/USDC,160.01,63804116992.0,,3.2331781,128.03151,161.01963765778243,-68.081116,0.0,False,1.5597999,0.020728159426090485,-0.3540135674134023,0.0513,0.0222,,0,—,0,—,25,—,25,—,,25,—,25,—
2026-10-03 06:36 UTC,CBRS,Cerebras Systems Inc.,xCBRS/USDC,166.43,39537782784.0,,130.66861,58.086308,48.633199179052525,-2.64968,-0.75271004,True,3.7132,0.35190296779058494,,,2.3273,,0,—,0,—,0,—,88,CORE,,88,CORE,0,—
2026-10-03 06:36 UTC,NBIS,Nebius Group N.V.,xNBIS/USDC,242.81,66009169920.0,,-69.5621,48.71166,50.70337051545432,-0.00223,0.03129,True,-1.4777,,-0.14565628350807172,5.2959003,2.688,,0,—,0,—,0,—,80,WATCH,,80,WATCH,0,—
2026-10-03 06:36 UTC,NVDA,NVIDIA Corporation,xNVDA/USDC,233.95,5649190617088.0,29.17082,14.905945,18.646038,18.53182103959253,0.66236997,0.63663,False,0.6863,0.21719284569430278,0.007401038091639369,0.90589994,0.66019994,-0.4890117932920638,90,CORE,5,—,80,CORE,14,—,,18,—,75,WATCH
2026-10-03 06:36 UTC,HOOD,"Robinhood Markets, Inc.",xHOOD/USDC,112.74,101362540544.0,49.884956,32.800144,20.552017,20.365681796758828,0.43884,0.42011002,False,0.3384,0.9692713947990546,,0.1752,0.2775,-0.3424842551730425,86,CORE,0,—,75,CORE,4,—,,5,—,70,WATCH
2026-10-03 06:36 UTC,MRVL,"Marvell Technology, Inc.",xMRVL/USDC,272.29,244708294656.0,88.405846,40.343086,25.894234,25.40918118470108,0.16679001,0.27934998,False,0.6074,0.6641930523542969,0.009840491608121126,0.4705,0.5123,-0.5436604271622489,100,CORE,0,—,76,CORE,23,—,,33,—,65,WATCH
2026-10-03 06:36 UTC,AMD,"Advanced Micro Devices, Inc.",xAMD/USDC,633.91,1034842210304.0,156.13547,40.67883,25.053679,24.839781801861104,0.1725,0.15577,False,1.0567,0.38496101069366895,0.008543814274257986,0.4706,0.7321,-0.7394645175756669,100,CORE,0,—,76,CORE,23,—,,33,—,65,WATCH
2026-10-03 06:36 UTC,TSLA,"Tesla, Inc.",xTSLA/USDC,370.59,1463662804992.0,333.86487,171.33147,14.125428,13.866952796485739,0.014099999,0.03671,False,0.2336,7.3343951198630135,0.0033040395147750116,0.1229,0.137,-0.4868239057316812,45,—,5,—,29,—,46,—,,63,WATCH,22,—
2026-10-03 06:36 UTC,MU,"Micron Technology, Inc.",xMU/USDC,1074.89,1213973397504.0,14.77106,5.2488065,9.114736,8.832407273060081,0.80678004,0.63796,False,0.16049999,0.3270284627432064,0.022966937227228763,1.0626,0.1407,-0.6446560707220741,75,CORE,13,—,66,WATCH,30,—,,38,—,62,WATCH
2026-10-03 06:36 UTC,LITE,Lumentum Holdings Inc.,xLITE/USDC,1085.42,97362173952.0,,31.25594,32.303307,31.949228084438886,0.27954,-2.3009598,True,0.5945,0.525751724137931,0.0023078778018122124,1.1029,0.52779996,,0,—,0,—,0,—,59,—,,59,—,0,—
2026-10-03 06:36 UTC,AAPL,Apple Inc.,xAAPL/USDC,333.69,4869931925504.0,37.876274,34.821583,10.432074,10.479083456505606,0.32623002,0.27618998,False,0.0857,4.063195215869311,0.022119790811008438,0.14819999,0.104899995,-0.08064919479672172,26,—,20,—,11,—,47,—,,58,—,5,—
2026-10-03 06:36 UTC,INTC,Intel Corporation,xINTC/USDC,119.33,630790946816.0,,57.86876,11.060299,11.192164683447684,0.12189999,-0.19794,True,0.35639998,1.623702672486121,0.007714719421012091,0.1934,0.1416,,0,—,0,—,5,—,48,—,,48,—,5,—
2026-10-03 06:36 UTC,CRCL,"Circle Internet Group, Inc.",xCRCL/USDC,81.25,22148272128.0,16.615541,54.194847,7.6230383,6.510077783165252,0.04899,0.15531999,False,0.2935,1.8465024531516185,0.009311307663557348,0.0941,0.23709999,2.2616962035723063,40,—,50,WATCH,42,—,31,—,,23,—,43,—
2026-10-03 06:36 UTC,COIN,"Coinbase Global, Inc.",xCOIN/USDC,183.0,48282157056.0,,64.54548,7.988771,7.637903950329565,-0.13922,-0.16344,True,2.3991,0.2690403901463049,0.05526788831959182,-0.2573,0.2944,,0,—,0,—,20,—,40,—,,40,—,20,—
2026-10-03 06:36 UTC,CRWV,"CoreWeave, Inc.",xCRWV/USDC,89.62,49428709376.0,,-49.556526,6.5123463,12.58270240071332,-0.01903,-0.25402,True,0.154,-3.2179562337662335,-0.1838732092894369,1.5082,1.0407,,0,—,0,—,0,—,40,—,,40,—,0,—
2026-10-03 06:36 UTC,META,"Meta Platforms, Inc.",xMETA/USDC,728.08,1854788337664.0,27.320076,20.858347,8.126233,8.22287414531999,0.34827,0.29834998,False,0.093,2.2428330107526877,0.011620530844584434,0.2647,0.2056,-0.23651943720800783,51,WATCH,20,—,27,—,33,—,,38,—,17,—
2026-10-03 06:36 UTC,GOOGL,Alphabet Inc.,xGOOGL/USDC,343.5,4200982642688.0,16.979733,22.791302,9.422074,9.189633674463042,0.34033,0.54771,False,-0.2755,,0.0053951665331085,0.2378,0.2334,0.3422650403277838,0,—,70,CORE,1,—,48,—,,38,—,2,—
2026-10-03 06:36 UTC,AMZN,"Amazon.com, Inc.",xAMZN/USDC,251.52,2712973606912.0,19.961905,24.009829,3.4975421,3.6633926267609715,0.13689,0.1744,False,-0.1838,,0.0011865670140684189,0.15529999,0.1444,0.20278244987139238,0,—,60,WATCH,0,—,45,—,,38,—,0,—
2026-10-03 06:36 UTC,MSTR,Strategy Inc,xMSTR/USDC,160.01,63804116992.0,,3.2331781,128.03151,161.01963765778243,-68.081116,0.0,False,1.5597999,0.020728159426090485,-0.3540135674134023,0.0513,0.0222,,0,—,0,—,25,—,25,—,,25,—,25,—
2026-10-03 12:36 UTC,CBRS,Cerebras Systems Inc.,xCBRS/USDC,166.43,39537782784.0,,130.66861,58.086308,48.633199179052525,-2.64968,-0.75271004,True,3.7132,0.35190296779058494,,,2.3273,,0,—,0,—,0,—,88,CORE,,88,CORE,0,—
2026-10-03 12:36 UTC,NBIS,Nebius Group N.V.,xNBIS/USDC,242.81,61649018880.0,,-69.5621,45.494072,50.70337051545432,-0.00223,0.03129,True,-1.4777,,-0.1559578812878587,5.2959003,2.688,,0,—,0,—,0,—,80,WATCH,,80,WATCH,0,—
2026-10-03 12:36 UTC,NVDA,NVIDIA Corporation,xNVDA/USDC,233.95,5649190617088.0,29.17082,14.905945,18.646038,18.53182103959253,0.66236997,0.63663,False,0.6863,0.21719284569430278,0.007401038091639369,0.90589994,0.66019994,-0.4890117932920638,90,CORE,5,—,80,CORE,14,—,,18,—,75,WATCH
2026-10-03 12:36 UTC,HOOD,"Robinhood Markets, Inc.",xHOOD/USDC,112.74,101362540544.0,50.106667,32.800144,20.552017,20.365681796758828,0.43884,0.42011002,False,0.3384,0.9692713947990546,,0.1752,0.2775,-0.3453936179790206,86,CORE,0,—,75,CORE,4,—,,5,—,70,WATCH
2026-10-03 12:36 UTC,MRVL,"Marvell Technology, Inc.",xMRVL/USDC,272.29,244708294656.0,88.405846,40.343086,25.894234,25.40918118470108,0.16679001,0.27934998,False,0.6027,0.6693725900116143,0.009840491608121126,0.4705,0.5089,-0.5436604271622489,100,CORE,0,—,76,CORE,23,—,,33,—,65,WATCH
2026-10-03 12:36 UTC,AMD,"Advanced Micro Devices, Inc.",xAMD/USDC,633.91,1034842210304.0,156.13547,40.67883,25.053679,24.839781801861104,0.1725,0.15577,False,1.0567,0.38496101069366895,0.008543814274257986,0.4706,0.7321,-0.7394645175756669,100,CORE,0,—,76,CORE,23,—,,33,—,65,WATCH
2026-10-03 12:36 UTC,TSLA,"Tesla, Inc.",xTSLA/USDC,370.59,1463662804992.0,346.34576,171.39409,14.125428,13.866952796485739,0.014099999,0.03671,False,0.2336,7.337075770547946,0.0033040395147750116,0.1229,0.137,-0.5051358792439093,55,WATCH,5,—,32,—,46,—,,63,WATCH,22,—
2026-10-03 12:36 UTC,MU,"Micron Technology, Inc.",xMU/USDC,1074.89,1213973397504.0,14.451332,5.2488065,9.114736,8.832407273060081,0.80678004,0.63796,False,0.16049999,0.3270284627432064,0.02406498451124728,1.0626,0.1407,-0.6367942761262422,75,CORE,13,—,66,WATCH,30,—,,38,—,62,WATCH
2026-10-03 12:36 UTC,LITE,Lumentum Holdings Inc.,xLITE/USDC,1085.42,97362173952.0,,31.25594,32.303307,31.949228084438886,0.27954,-2.3009598,True,0.5945,0.525751724137931,0.0023078778018122124,1.1029,0.52779996,,0,—,0,—,0,—,59,—,,59,—,0,—
2026-10-03 12:36 UTC,AAPL,Apple Inc.,xAAPL/USDC,333.69,4869931925504.0,38.31114,34.821583,10.432074,10.479083456505606,0.32623002,0.27618998,False,0.0857,4.063195215869311,0.022119790811008438,0.14819999,0.104899995,-0.0910846557946332,26,—,20,—,11,—,47,—,,58,—,5,—
2026-10-03 12:36 UTC,INTC,Intel Corporation,xINTC/USDC,119.33,630790946816.0,,57.86876,11.060299,11.192164683447684,0.12189999,-0.19794,True,0.35639998,1.623702672486121,0.007714719421012091,0.1934,0.1416,,0,—,0,—,5,—,48,—,,48,—,5,—
2026-10-03 12:36 UTC,CRCL,"Circle Internet Group, Inc.",xCRCL/USDC,81.25,22148272128.0,16.581633,54.194847,7.6230383,6.510077783165252,0.04899,0.15531999,False,0.2935,1.8465024531516185,0.009311307663557348,0.0941,0.23709999,2.2683660891541866,40,—,50,WATCH,42,—,31,—,,23,—,43,—
2026-10-03 12:36 UTC,COIN,"Coinbase Global, Inc.",xCOIN/USDC,183.0,48282157056.0,,64.659744,7.988771,7.637903950329565,-0.13922,-0.16344,True,2.4502,0.26389577993633173,0.05526788831959182,-0.2574,0.2927,,0,—,0,—,20,—,40,—,,40,—,20,—
2026-10-03 12:36 UTC,CRWV,"CoreWeave, Inc.",xCRWV/USDC,89.62,49428709376.0,,-49.556526,6.5123463,12.58270240071332,-0.01903,-0.25402,True,0.154,-3.2179562337662335,-0.1838732092894369,1.5082,1.0407,,0,—,0,—,0,—,40,—,,40,—,0,—
2026-10-03 12:36 UTC,META,"Meta Platforms, Inc.",xMETA/USDC,728.08,1854788337664.0,27.320076,20.858347,8.126233,8.22287414531999,0.34827,0.29834998,False,0.093,2.2428330107526877,0.011620530844584434,0.2647,0.2056,-0.23651943720800783,51,WATCH,20,—,27,—,33,—,,38,—,17,—
2026-10-03 12:36 UTC,GOOGL,Alphabet Inc.,xGOOGL/USDC,343.5,4200982642688.0,17.243977,22.791302,9.422074,9.189633674463042,0.34033,0.54771,False,-0.2755,,0.0053951665331085,0.2378,0.2334,0.32169638129301603,0,—,70,CORE,1,—,48,—,,38,—,2,—
2026-10-03 12:36 UTC,AMZN,"Amazon.com, Inc.",xAMZN/USDC,251.52,2712973606912.0,19.961905,24.009829,3.4975421,3.6633926267609715,0.13689,0.1744,False,-0.1838,,0.0011865670140684189,0.15529999,0.1444,0.20278244987139238,0,—,60,WATCH,0,—,45,—,,38,—,0,—
2026-10-03 12:36 UTC,MSTR,Strategy Inc,xMSTR/USDC,160.01,63804116992.0,,3.2331781,128.03151,161.01963765778243,-68.081116,0.0,False,1.5753999,0.02052290405756659,-0.3540135674134023,0.0513,0.0222,,0,—,0,—,25,—,25,—,,25,—,25,—
2026-10-03 17:20 UTC,CBRS,Cerebras Systems Inc.,xCBRS/USDC,166.43,39537782784.0,,130.66861,58.086308,48.633199179052525,-2.64968,-0.75271004,True,3.7132,0.35190296779058494,,,2.3273,,0,—,0,—,0,—,88,CORE,,88,CORE,0,—
2026-10-03 17:20 UTC,NBIS,Nebius Group N.V.,xNBIS/USDC,242.81,61649018880.0,,-69.5621,45.494072,50.70337051545432,-0.00223,0.03129,True,-1.4777,,-0.1559578812878587,5.2959003,2.688,,0,—,0,—,0,—,80,WATCH,,80,WATCH,0,—
2026-10-03 17:20 UTC,NVDA,NVIDIA Corporation,xNVDA/USDC,233.95,5649190617088.0,29.576487,14.905945,18.646038,18.53182103959253,0.66236997,0.63663,False,0.6863,0.21719284569430278,0.007401038091639369,0.90589994,0.66019994,-0.49602043677465824,90,CORE,5,—,80,CORE,14,—,,18,—,75,WATCH
2026-10-03 17:20 UTC,HOOD,"Robinhood Markets, Inc.",xHOOD/USDC,112.74,101362540544.0,50.106667,32.800144,20.552017,20.365681796758828,0.43884,0.42011002,False,0.3384,0.9692713947990546,,0.1752,0.2775,-0.3453936179790206,86,CORE,0,—,75,CORE,4,—,,5,—,70,WATCH
2026-10-03 17:20 UTC,MRVL,"Marvell Technology, Inc.",xMRVL/USDC,272.29,244708294656.0,88.405846,40.343086,25.894234,25.40918118470108,0.16679001,0.27934998,False,0.6027,0.6693725900116143,0.009840491608121126,0.4705,0.5089,-0.5436604271622489,100,CORE,0,—,76,CORE,23,—,,33,—,65,WATCH
2026-10-03 17:20 UTC,AMD,"Advanced Micro Devices, Inc.",xAMD/USDC,633.91,1034842210304.0,156.13547,40.67883,25.053679,24.839781801861104,0.1725,0.15577,False,1.0567,0.38496101069366895,0.008543814274257986,0.4706,0.7321,-0.7394645175756669,100,CORE,0,—,76,CORE,23,—,,33,—,65,WATCH
2026-10-03 17:20 UTC,TSLA,"Tesla, Inc.",xTSLA/USDC,370.59,1463662804992.0,346.34576,171.39409,14.125428,13.866952796485739,0.014099999,0.03671,False,0.2336,7.337075770547946,0.0033040395147750116,0.1229,0.137,-0.5051358792439093,55,WATCH,5,—,32,—,46,—,,63,WATCH,22,—
2026-10-03 17:20 UTC,MU,"Micron Technology, Inc.",xMU/USDC,1074.89,1213973397504.0,14.451332,5.2488065,9.114736,8.832407273060081,0.80678004,0.63796,False,0.16049999,0.3270284627432064,0.02406498451124728,1.0626,0.1407,-0.6367942761262422,75,CORE,13,—,66,WATCH,30,—,,38,—,62,WATCH
2026-10-03 17:20 UTC,LITE,Lumentum Holdings Inc.,xLITE/USDC,1085.42,97362173952.0,,31.25594,32.303307,31.949228084438886,0.27954,-2.3009598,True,0.5945,0.525751724137931,0.0023078778018122124,1.1029,0.52779996,,0,—,0,—,0,—,59,—,,59,—,0,—
2026-10-03 17:20 UTC,AAPL,Apple Inc.,xAAPL/USDC,333.69,4869931925504.0,38.31114,34.821583,10.432074,10.479083456505606,0.32623002,0.27618998,False,0.0857,4.063195215869311,0.022119790811008438,0.14819999,0.104899995,-0.0910846557946332,26,—,20,—,11,—,47,—,,58,—,5,—
2026-10-03 17:20 UTC,INTC,Intel Corporation,xINTC/USDC,119.33,630790946816.0,,57.86876,11.060299,11.192164683447684,0.12189999,-0.19794,True,0.35639998,1.623702672486121,0.007714719421012091,0.1934,0.1416,,0,—,0,—,5,—,48,—,,48,—,5,—
2026-10-03 17:20 UTC,CRCL,"Circle Internet Group, Inc.",xCRCL/USDC,81.25,22148272128.0,16.581633,54.194847,7.6230383,6.510077783165252,0.04899,0.15531999,False,0.2935,1.8465024531516185,0.009311307663557348,0.0941,0.23709999,2.2683660891541866,40,—,50,WATCH,42,—,31,—,,23,—,43,—
2026-10-03 17:20 UTC,COIN,"Coinbase Global, Inc.",xCOIN/USDC,183.0,48282157056.0,,64.659744,7.988771,7.637903950329565,-0.13922,-0.16344,True,2.4502,0.26389577993633173,0.05526788831959182,-0.2574,0.2927,,0,—,0,—,20,—,40,—,,40,—,20,—
2026-10-03 17:20 UTC,CRWV,"CoreWeave, Inc.",xCRWV/USDC,89.62,49428709376.0,,-49.556526,6.5123463,12.58270240071332,-0.01903,-0.25402,True,0.154,-3.2179562337662335,-0.1838732092894369,1.5082,1.0407,,0,—,0,—,0,—,40,—,,40,—,0,—
2026-10-03 17:20 UTC,META,"Meta Platforms, Inc.",xMETA/USDC,728.08,1854788337664.0,27.320076,20.858347,8.126233,8.22287414531999,0.34827,0.29834998,False,0.093,2.2428330107526877,0.011620530844584434,0.2647,0.2056,-0.23651943720800783,51,WATCH,20,—,27,—,33,—,,38,—,17,—
2026-10-03 17:20 UTC,GOOGL,Alphabet Inc.,xGOOGL/USDC,343.5,4200982642688.0,17.243977,22.791302,9.422074,9.189633674463042,0.34033,0.54771,False,-0.2755,,0.0053951665331085,0.2378,0.2334,0.32169638129301603,0,—,70,CORE,1,—,48,—,,38,—,2,—
2026-10-03 17:20 UTC,AMZN,"Amazon.com, Inc.",xAMZN/USDC,251.52,2712973606912.0,19.961905,24.009829,3.4975421,3.6633926267609715,0.13689,0.1744,False,-0.1838,,0.0011865670140684189,0.15529999,0.1444,0.20278244987139238,0,—,60,WATCH,0,—,45,—,,38,—,0,—
2026-10-03 17:20 UTC,MSTR,Strategy Inc,xMSTR/USDC,160.01,63804116992.0,,3.2331781,128.03151,161.01963765778243,-68.081116,0.0,False,1.5753999,0.02052290405756659,-0.3540135674134023,0.0513,0.0222,,0,—,0,—,25,—,25,—,,25,—,25,—
2026-10-03 21:24 UTC,CBRS,Cerebras Systems Inc.,xCBRS/USDC,166.43,39537782784.0,,130.66861,58.086308,48.633199179052525,-2.64968,-0.75271004,True,3.7132,0.35190296779058494,,,2.3273,,0,—,0,—,0,—,88,CORE,,88,CORE,0,—
2026-10-03 21:24 UTC,NBIS,Nebius Group N.V.,xNBIS/USDC,242.81,66009169920.0,,-69.5621,48.71166,50.70337051545432,-0.00223,0.03129,True,-1.4777,,-0.14565628350807172,5.2959003,2.688,,0,—,0,—,0,—,80,WATCH,,80,WATCH,0,—
2026-10-03 21:24 UTC,NVDA,NVIDIA Corporation,xNVDA/USDC,233.95,5649190617088.0,29.576487,14.905945,18.646038,18.53182103959253,0.66236997,0.63663,False,0.6863,0.21719284569430278,0.007401038091639369,0.90589994,0.66019994,-0.49602043677465824,90,CORE,5,—,80,CORE,14,—,,18,—,75,WATCH
2026-10-03 21:24 UTC,HOOD,"Robinhood Markets, Inc.",xHOOD/USDC,112.74,101362540544.0,50.106667,32.800144,20.552017,20.365681796758828,0.43884,0.42011002,False,0.3384,0.9692713947990546,,0.1752,0.2775,-0.3453936179790206,86,CORE,0,—,75,CORE,4,—,,5,—,70,WATCH
2026-10-03 21:24 UTC,MRVL,"Marvell Technology, Inc.",xMRVL/USDC,272.29,244708294656.0,90.162254,40.343086,25.894234,25.40918118470108,0.16679001,0.27934998,False,0.6027,0.6693725900116143,0.009840491608121126,0.4705,0.5089,-0.5525501614012445,100,CORE,0,—,76,CORE,23,—,,33,—,65,WATCH
2026-10-03 21:24 UTC,AMD,"Advanced Micro Devices, Inc.",xAMD/USDC,633.91,1034842210304.0,161.30025,40.67883,25.053679,24.839781801861104,0.1725,0.15577,False,1.0567,0.38496101069366895,0.008543814274257986,0.4706,0.7321,-0.7478067764929068,100,CORE,0,—,76,CORE,23,—,,33,—,65,WATCH
2026-10-03 21:24 UTC,TSLA,"Tesla, Inc.",xTSLA/USDC,370.59,1463662804992.0,346.34576,171.64972,14.125428,13.866952796485739,0.014099999,0.03671,False,0.2336,7.348018835616439,0.0033040395147750116,0.1229,0.137,-0.5043978017805097,55,WATCH,5,—,32,—,46,—,,63,WATCH,22,—
2026-10-03 21:24 UTC,MU,"Micron Technology, Inc.",xMU/USDC,1074.89,1213973397504.0,14.451332,5.2488065,9.114736,8.832407273060081,0.80678004,0.63796,False,0.16049999,0.3270284627432064,0.02406498451124728,1.0626,0.1407,-0.6367942761262422,75,CORE,13,—,66,WATCH,30,—,,38,—,62,WATCH
2026-10-03 21:24 UTC,LITE,Lumentum Holdings Inc.,xLITE/USDC,1085.42,97362173952.0,,31.25594,32.303307,31.949228084438886,0.27954,-2.3009598,True,0.5945,0.525751724137931,0.0023078778018122124,1.1029,0.52779996,,0,—,0,—,0,—,59,—,,59,—,0,—
2026-10-03 21:24 UTC,AAPL,Apple Inc.,xAAPL/USDC,333.69,4869931925504.0,38.31114,34.821583,10.432074,10.479083456505606,0.32623002,0.27618998,False,0.0857,4.063195215869311,0.022119790811008438,0.14819999,0.104899995,-0.0910846557946332,26,—,20,—,11,—,47,—,,58,—,5,—
2026-10-03 21:24 UTC,INTC,Intel Corporation,xINTC/USDC,119.33,630790946816.0,,57.86876,11.060299,11.192164683447684,0.12189999,-0.19794,True,0.35639998,1.623702672486121,0.007714719421012091,0.1934,0.1416,,0,—,0,—,5,—,48,—,,48,—,5,—
2026-10-03 21:24 UTC,CRCL,"Circle Internet Group, Inc.",xCRCL/USDC,81.25,22148272128.0,16.282566,54.194847,7.6230383,6.510077783165252,0.04899,0.15531999,False,0.2935,1.8465024531516185,0.009311307663557348,0.0941,0.23709999,2.328397194889307,40,—,50,WATCH,42,—,31,—,,23,—,43,—
2026-10-03 21:24 UTC,COIN,"Coinbase Global, Inc.",xCOIN/USDC,183.0,48282157056.0,,64.659744,7.988771,7.637903950329565,-0.13922,-0.16344,True,2.4502,0.26389577993633173,0.05526788831959182,-0.2574,0.2927,,0,—,0,—,20,—,40,—,,40,—,20,—
2026-10-03 21:24 UTC,CRWV,"CoreWeave, Inc.",xCRWV/USDC,89.62,49428709376.0,,-49.556526,6.5123463,12.58270240071332,-0.01903,-0.25402,True,0.154,-3.2179562337662335,-0.1838732092894369,1.5082,1.0407,,0,—,0,—,0,—,40,—,,40,—,0,—
2026-10-03 21:24 UTC,META,"Meta Platforms, Inc.",xMETA/USDC,728.08,1854788337664.0,27.402334,20.858347,8.126233,8.22287414531999,0.34827,0.29834998,False,0.093,2.2428330107526877,0.011620530844584434,0.2647,0.2056,-0.23881129979657945,51,WATCH,20,—,27,—,33,—,,38,—,17,—
2026-10-03 21:24 UTC,GOOGL,Alphabet Inc.,xGOOGL/USDC,343.5,4200982642688.0,17.243977,22.791302,9.422074,9.189633674463042,0.34033,0.54771,False,-0.2755,,0.0053951665331085,0.2378,0.2334,0.32169638129301603,0,—,70,CORE,1,—,48,—,,38,—,2,—
2026-10-03 21:24 UTC,AMZN,"Amazon.com, Inc.",xAMZN/USDC,251.52,2712973606912.0,20.234915,24.009829,3.4975421,3.6633926267609715,0.13689,0.1744,False,-0.1838,,0.0011865670140684189,0.15529999,0.1444,0.18655447774304945,0,—,52,WATCH,0,—,42,—,,38,—,0,—
2026-10-03 21:24 UTC,MSTR,Strategy Inc,xMSTR/USDC,160.01,63804116992.0,,3.2331781,128.03151,161.01963765778243,-68.081116,0.0,False,1.5753999,0.02052290405756659,-0.3540135674134023,0.0513,0.0222,,0,—,0,—,25,—,25,—,,25,—,25,—
2026-10-04 00:43 UTC,CBRS,Cerebras Systems Inc.,xCBRS/USDC,166.43,39537782784.0,,130.66861,58.086308,48.633199179052525,-2.64968,-0.75271004,True,3.7132,0.35190296779058494,,,2.3273,,0,—,0,—,0,—,88,CORE,,88,CORE,0,—
2026-10-04 00:43 UTC,NBIS,Nebius Group N.V.,xNBIS/USDC,242.81,61649018880.0,,-69.5621,45.494072,50.70337051545432,-0.00223,0.03129,True,-1.4777,,-0.1559578812878587,5.2959003,2.688,,0,—,0,—,0,—,80,WATCH,,80,WATCH,0,—
2026-10-04 00:43 UTC,NVDA,NVIDIA Corporation,xNVDA/USDC,233.95,5649190617088.0,29.576487,14.905945,18.646038,18.53182103959253,0.66236997,0.63663,False,0.6863,0.21719284569430278,0.007401038091639369,0.90589994,0.66019994,-0.49602043677465824,90,CORE,5,—,80,CORE,14,—,,18,—,75,WATCH
2026-10-04 00:43 UTC,HOOD,"Robinhood Markets, Inc.",xHOOD/USDC,112.74,101362540544.0,50.106667,32.800144,20.552017,20.365681796758828,0.43884,0.42011002,False,0.3384,0.9692713947990546,,0.1752,0.2775,-0.3453936179790206,86,CORE,0,—,75,CORE,4,—,,5,—,70,WATCH
2026-10-04 00:43 UTC,MRVL,"Marvell Technology, Inc.",xMRVL/USDC,272.29,244708294656.0,90.162254,40.343086,25.894234,25.40918118470108,0.16679001,0.27934998,False,0.6027,0.6693725900116143,0.009840491608121126,0.4705,0.5089,-0.5525501614012445,100,CORE,0,—,76,CORE,23,—,,33,—,65,WATCH
2026-10-04 00:43 UTC,AMD,"Advanced Micro Devices, Inc.",xAMD/USDC,633.91,1034842210304.0,156.13547,40.67883,25.053679,24.839781801861104,0.1725,0.15577,False,1.0567,0.38496101069366895,0.008543814274257986,0.4706,0.7321,-0.7394645175756669,100,CORE,0,—,76,CORE,23,—,,33,—,65,WATCH
2026-10-04 00:43 UTC,TSLA,"Tesla, Inc.",xTSLA/USDC,370.59,1463662804992.0,346.34576,171.64972,14.125428,13.866952796485739,0.014099999,0.03671,False,0.2313,7.421086035451794,0.0033040395147750116,0.1234,0.1362,-0.5043978017805097,55,WATCH,5,—,32,—,46,—,,63,WATCH,22,—
2026-10-04 00:43 UTC,MU,"Micron Technology, Inc.",xMU/USDC,1074.89,1213973397504.0,14.451332,5.219066,9.114736,8.832407273060081,0.80678004,0.63796,False,0.1674,0.31177216248506573,0.02406498451124728,1.0626999,0.1435,-0.6388522525120868,75,CORE,13,—,66,WATCH,30,—,,38,—,62,WATCH
2026-10-04 00:43 UTC,LITE,Lumentum Holdings Inc.,xLITE/USDC,1085.42,97362173952.0,,31.164467,32.303307,31.949228084438886,0.27954,-2.3009598,True,0.6018,0.5178542206713194,0.0023078778018122124,1.0986,0.542,,0,—,0,—,0,—,59,—,,59,—,0,—
2026-10-04 00:43 UTC,AAPL,Apple Inc.,xAAPL/USDC,333.69,4869931925504.0,38.31114,34.821583,10.432074,10.479083456505606,0.32623002,0.27618998,False,0.0857,4.063195215869311,0.022119790811008438,0.14819999,0.104899995,-0.0910846557946332,26,—,20,—,11,—,47,—,,58,—,5,—
2026-10-04 00:43 UTC,INTC,Intel Corporation,xINTC/USDC,119.33,630790946816.0,,57.86876,11.060299,11.192164683447684,0.12189999,-0.19794,True,0.35639998,1.623702672486121,0.007714719421012091,0.1934,0.1416,,0,—,0,—,5,—,48,—,,48,—,5,—
2026-10-04 00:43 UTC,CRCL,"Circle Internet Group, Inc.",xCRCL/USDC,81.25,22148272128.0,16.581633,54.194847,7.6230383,6.510077783165252,0.04899,0.15531999,False,0.2935,1.8465024531516185,0.009311307663557348,0.0941,0.23709999,2.2683660891541866,40,—,50,WATCH,42,—,31,—,,23,—,43,—
2026-10-04 00:43 UTC,COIN,"Coinbase Global, Inc.",xCOIN/USDC,183.0,48282157056.0,,64.659744,7.988771,7.637903950329565,-0.13922,-0.16344,True,2.4502,0.26389577993633173,0.05526788831959182,-0.2574,0.2927,,0,—,0,—,20,—,40,—,,40,—,20,—
2026-10-04 00:43 UTC,CRWV,"CoreWeave, Inc.",xCRWV/USDC,89.62,49428709376.0,,-49.556526,6.5123463,12.58270240071332,-0.01903,-0.25402,True,0.154,-3.2179562337662335,-0.1838732092894369,1.5082,1.0407,,0,—,0,—,0,—,40,—,,40,—,0,—
2026-10-04 00:43 UTC,META,"Meta Platforms, Inc.",xMETA/USDC,728.08,1854788337664.0,27.320076,20.858347,8.126233,8.22287414531999,0.34827,0.29834998,False,0.093,2.2428330107526877,0.011620530844584434,0.2647,0.2061,-0.23651943720800783,51,WATCH,20,—,27,—,33,—,,38,—,17,—
2026-10-04 00:43 UTC,GOOGL,Alphabet Inc.,xGOOGL/USDC,343.5,4200982642688.0,17.243977,22.791302,9.422074,9.189633674463042,0.34033,0.54771,False,-0.2755,,0.0053951665331085,0.2378,0.2334,0.32169638129301603,0,—,70,CORE,1,—,48,—,,38,—,2,—
2026-10-04 00:43 UTC,AMZN,"Amazon.com, Inc.",xAMZN/USDC,251.52,2712973606912.0,20.234915,24.009829,3.4975421,3.6633926267609715,0.13689,0.1744,False,-0.1838,,0.0011865670140684189,0.15529999,0.1444,0.18655447774304945,0,—,52,WATCH,0,—,42,—,,38,—,0,—
2026-10-04 00:43 UTC,MSTR,Strategy Inc,xMSTR/USDC,160.01,63804116992.0,,3.2331781,128.03151,161.01963765778243,-68.081116,0.0,False,1.5753999,0.02052290405756659,-0.3540135674134023,0.0513,0.0222,,0,—,0,—,25,—,25,—,,25,—,25,—
2026-10-04 05:51 UTC,RKLB,Rocket Lab Corporation,RKLB-USDT-SWAP,73.92,47265259520.0,,1622.4758,61.45161,54.686079255404394,-0.24572,-0.21511999,True,0.6811,23.821403611804435,-0.005330842029829185,0.59900004,0.41619998,,0,—,0,—,0,—,100,CORE,0.0,100,CORE,0,—
2026-10-04 05:51 UTC,USAR,"USA Rare Earth, Inc.",USAR-USDT-SWAP,13.59,5101587456.0,,453.0,387.5997,137.37168697766296,-7.95636,0.0,True,1.0526,4.303629108873267,-0.05566042226053333,43.7519,8.7013,,0,—,0,—,0,—,100,CORE,0.0,100,CORE,0,—
2026-10-04 05:51 UTC,CBRS,Cerebras Systems Inc.,CBRS-USDT-SWAP,166.43,39537782784.0,,130.66861,58.086308,48.633199179052525,-2.64968,-0.75271004,True,3.7132,0.35190296779058494,,,2.3273,,0,—,0,—,0,—,88,CORE,1.45151020529301,88,CORE,0,—
2026-10-04 05:51 UTC,IONQ,"IonQ, Inc.",IONQ-USDT-SWAP,43.77,17732788224.0,,-33.864605,71.94588,59.3343383561755,-4.08174,0.0,True,0.1815,-1.8658184573002754,-0.004949856215008729,2.5003998,0.7895,,0,—,0,—,0,—,85,CORE,0.0,85,CORE,0,—
2026-10-04 05:51 UTC,APP,Applovin Corporation,APP-USDT-SWAP,268.22,89759965184.0,20.61645,12.784076,13.143701,13.211336249233682,0.77678,0.64575994,False,0.27719998,0.4611860361606087,0.03542733352760744,0.4777,0.2656,-0.37990895619759946,80,CORE,5,—,82,CORE,8,—,0.0,10,—,83,CORE
2026-10-04 05:51 UTC,TSM,Taiwan Semiconductor Manufactur,TSM-USDT-SWAP,472.78,2452061159424.0,35.334827,21.563414,0.5522048,3.875468958448525,0.60344005,0.49923,False,0.2947,0.7317072955548015,0.2980455898953492,0.42900002,0.3465,-0.3897404959701656,81,CORE,5,—,82,CORE,8,—,0.0,10,—,82,CORE
2026-10-04 05:51 UTC,OKTA,"Okta, Inc.",OKTA-USDT-SWAP,211.49,36972879872.0,127.40362,48.30215,12.031527,11.300644306944756,0.13292,0.09632,False,0.1144,4.2222159090909095,0.028064490177455874,0.104499996,0.100200005,-0.6208730175798773,67,WATCH,13,—,26,—,60,WATCH,0.0,80,CORE,8,—
2026-10-04 05:51 UTC,ASTS,"AST SpaceMobile, Inc.",ASTS-USDT-SWAP,58.45,22746839040.0,,-45.42699,197.28566,162.46216185743154,-5.44626,0.0,True,0.5177,-0.877477110295538,-0.07911310177363438,1.3808,2.7559,,0,—,0,—,0,—,80,WATCH,0.0,80,WATCH,0,—
2026-10-04 05:51 UTC,NBIS,Nebius Group N.V.,NBIS-USDT-SWAP,242.81,61649018880.0,,-69.5621,45.494072,50.70337051545432,-0.00223,0.03129,True,-1.4777,,-0.1559578812878587,5.2959003,2.688,,0,—,0,—,0,—,80,WATCH,0.0,80,WATCH,0,—
2026-10-04 05:51 UTC,AMAT,"Applied Materials, Inc.",AMAT-USDT-SWAP,540.04,428574343168.0,46.51507,29.255379,13.898056,13.83686358800539,0.33736,0.30052,False,0.4434,0.659796549391069,0.007175826441841996,0.2074,0.348,-0.3710558965083789,91,CORE,0,—,81,CORE,9,—,-0.054404889052575005,13,—,77,WATCH
2026-10-04 05:51 UTC,SNDK,Sandisk Corporation,SNDK-USDT-SWAP,1719.99,251839234048.0,23.309256,6.5278344,12.437734,12.212476151087131,0.78472,0.56465,False,0.2318,0.28161494391716996,0.030657951439482294,1.4175999,0.18280001,-0.7199466855570165,82,CORE,5,—,77,CORE,8,—,0.0,10,—,75,CORE
2026-10-04 05:51 UTC,NVDA,NVIDIA Corporation,NVDA-USDT-SWAP,233.95,5649190617088.0,29.576487,14.905945,18.646038,18.53182103959253,0.66236997,0.63663,False,0.6863,0.21719284569430278,0.007401038091639369,0.90589994,0.66019994,-0.49602043677465824,90,CORE,5,—,80,CORE,14,—,0.0,18,—,75,WATCH
2026-10-04 05:51 UTC,WDC,Western Digital Corporation,WDC-USDT-SWAP,415.29,149729050624.0,15.432553,13.0801935,11.589833,11.559799055358221,0.43608,0.72947,False,0.5803,0.2254039893158711,0.015152370702578563,0.48560002,0.3677,-0.15242840896123933,72,WATCH,5,—,74,WATCH,14,—,0.076147002407022,18,—,75,WATCH
2026-10-04 05:51 UTC,AVGO,Broadcom Inc.,AVGO-USDT-SWAP,355.14,1695307005952.0,45.24077,18.31202,19.026161,19.42394271631035,0.54307,0.42944,False,0.6636,0.2759496684749849,0.01804776323614526,0.65879995,0.64129996,-0.5952319113931969,100,CORE,5,—,82,CORE,21,—,0.0,28,—,75,WATCH
2026-10-04 05:51 UTC,XIAOMI,XIAOMI-W,XIAOMI-USDT-SWAP,24.24,624252485632.0,16.95105,15.756556,1.4249071,1.2457971964505588,0.040120002,0.07533,False,0.39580002,0.3980938656849992,-0.013905772769509363,-0.043899998,0.24120001,-0.07046725719055746,62,WATCH,0,—,68,WATCH,7,—,0.3058895432544585,10,—,70,WATCH
2026-10-04 05:51 UTC,HOOD,"Robinhood Markets, Inc.",HOOD-USDT-SWAP,112.74,101362540544.0,50.106667,32.800144,20.552017,20.365681796758828,0.43884,0.42011002,False,0.3384,0.9692713947990546,,0.1752,0.2775,-0.3453936179790206,86,CORE,0,—,75,CORE,4,—,0.0,5,—,70,WATCH
2026-10-04 05:51 UTC,ORCL,Oracle Corporation,ORCL-USDT-SWAP,142.3,431382593536.0,22.304075,12.939669,6.010123,7.9096305188513805,0.35632,0.2636,False,0.3508,0.3688617160775371,-0.10629456787336367,0.3428,0.4562,-0.41985179838213427,95,CORE,0,—,78,CORE,7,—,0.0,10,—,70,WATCH
2026-10-04 05:51 UTC,IREN,IREN LIMITED,IREN-USDT-SWAP,41.76,16455888896.0,,-10.485507,23.275427,26.024953779239656,-1.0247,-0.9938,True,-0.16409999,,-0.2564004476856672,2.9631,1.6088,,0,—,0,—,0,—,68,WATCH,0.335808229246857,68,WATCH,0,—
2026-10-04 05:51 UTC,CRDO,Credo Technology Group Holding ,CRDO-USDT-SWAP,218.64,41093808128.0,76.985916,22.562,25.828188,25.364307223814826,0.25198,0.33833,False,0.5366,0.42046216921356694,0.006042050890650423,0.8741,0.548,-0.7069334084431755,96,CORE,5,—,76,CORE,21,—,0.0,28,—,67,WATCH
2026-10-04 05:51 UTC,AMD,"Advanced Micro Devices, Inc.",AMD-USDT-SWAP,633.91,1034842210304.0,161.30025,40.67883,25.053679,24.839781801861104,0.1725,0.15577,False,1.0567,0.38496101069366895,0.008543814274257986,0.4706,0.7321,-0.7478067764929068,100,CORE,0,—,76,CORE,23,—,0.0,33,—,65,WATCH
2026-10-04 05:51 UTC,MRVL,"Marvell Technology, Inc.",MRVL-USDT-SWAP,272.29,244708294656.0,90.162254,40.343086,25.894234,25.40918118470108,0.16679001,0.27934998,False,0.6027,0.6693725900116143,0.009840491608121126,0.4705,0.5089,-0.5525501614012445,100,CORE,0,—,76,CORE,23,—,0.0,33,—,65,WATCH
2026-10-04 05:51 UTC,ADBE,Adobe Inc.,ADBE-USDT-SWAP,237.69,94481776640.0,13.263951,8.589151,3.6381123,3.6062360772275017,0.34822,0.28048,False,0.1304,0.6586772239263804,0.09890928926545639,0.1195,0.091800004,-0.35244400405278953,65,WATCH,19,—,65,WATCH,27,—,0.0,30,—,65,WATCH
2026-10-04 05:51 UTC,MRNA,"Moderna, Inc.",MRNA-USDT-SWAP,190.01,75858812928.0,,-42.691776,34.04794,32.319484323159784,-5.5793104,-1.41427,True,0.42880002,-0.9956104013241417,0.003944828193976982,0.0808,0.1584,,0,—,0,—,0,—,64,—,0.0,64,—,0,—
2026-10-04 05:51 UTC,ARM,Arm Holdings plc,ARM-USDT-SWAP,307.49,328398864384.0,313.7653,100.659294,63.69257,63.03265122272279,0.07603,0.20247999,False,0.3741,2.690705533279872,0.004063655854910498,0.2289,0.36220002,-0.6791892092592775,85,CORE,5,—,50,—,46,—,0.0,63,—,35,—
2026-10-04 05:51 UTC,TSLA,"Tesla, Inc.",TSLA-USDT-SWAP,370.59,1463662804992.0,346.34576,171.64972,14.125428,13.866952796485739,0.014099999,0.03671,False,0.2313,7.421086035451794,0.0033040395147750116,0.1234,0.1362,-0.5043978017805097,55,WATCH,5,—,32,—,46,—,0.0,63,WATCH,22,—
2026-10-04 05:51 UTC,MU,"Micron Technology, Inc.",MU-USDT-SWAP,1074.89,1213973397504.0,14.451332,5.219066,9.114736,8.832407273060081,0.80678004,0.63796,False,0.1674,0.31177216248506573,0.02406498451124728,1.0626999,0.1435,-0.6388522525120868,75,CORE,13,—,66,WATCH,30,—,0.0,38,—,62,WATCH
2026-10-04 05:51 UTC,GLW,Corning Incorporated,GLW-USDT-SWAP,164.19,141143932928.0,73.95946,37.707382,8.320204,8.77583997398108,0.15649,0.111999996,False,0.3266,1.1545432333129213,0.005203907477728294,0.1749,0.1894,-0.4901614749485732,82,CORE,0,—,67,WATCH,9,—,0.0,13,—,60,WATCH
2026-10-04 05:51 UTC,MSFT,Microsoft Corporation,MSFT-USDT-SWAP,517.53,3842942959616.0,28.57703,21.885357,11.580745,11.737355562000422,0.45111,0.40305,False,0.1974,1.108680699088146,0.00430542434115475,0.1784,0.195,-0.23416264741297477,68,WATCH,3,—,62,WATCH,17,—,0.0,23,—,59,WATCH
2026-10-04 05:51 UTC,LITE,Lumentum Holdings Inc.,LITE-USDT-SWAP,1085.42,97362173952.0,,31.164467,32.303307,31.949228084438886,0.27954,-2.3009598,True,0.6018,0.5178542206713194,0.0023078778018122124,1.0986,0.542,,0,—,0,—,0,—,59,—,0.0,59,—,0,—
2026-10-04 05:51 UTC,DELL,Dell Technologies Inc.,DELL-USDT-SWAP,562.52,357657378816.0,32.68565,19.319212,2.3655057,2.5223474272113933,0.12020001,0.07525,False,0.0083,23.27615903614458,0.01686914793138917,0.70379996,0.16540001,-0.40893902981889607,65,WATCH,20,—,37,—,47,—,0.0,58,—,25,—
2026-10-04 05:51 UTC,KO,Coca-Cola Company (The),KO-USDT-SWAP,85.65,368513318912.0,25.876133,24.288364,7.3513002,7.950854208329844,0.34873,0.28558,False,0.0681,3.5665732745961827,0.014161631843885197,0.0345,0.0025,-0.06136036632676134,22,—,32,—,12,—,50,—,0.0,58,—,7,—
2026-10-04 05:51 UTC,AAPL,Apple Inc.,AAPL-USDT-SWAP,333.69,4869931925504.0,38.31114,34.821583,10.432074,10.479083456505606,0.32623002,0.27618998,False,0.0857,4.063195215869311,0.022119790811008438,0.14819999,0.104899995,-0.0910846557946332,26,—,20,—,11,—,47,—,0.0,58,—,5,—
2026-10-04 05:51 UTC,BE,Bloom Energy Corporation,BE-USDT-SWAP,289.15,85162582016.0,370.70514,58.666466,27.35576,27.396501956870726,0.17106001,0.07868,False,0.8257,0.7105058253603004,0.006242618429536555,1.0335,0.65,-0.8417435862907108,90,CORE,10,—,66,WATCH,37,—,0.0,48,—,55,WATCH
2026-10-04 05:51 UTC,COHR,Coherent Corp.,COHR-USDT-SWAP,337.04,66003300352.0,82.00487,23.996212,9.272495,9.539045841249363,0.118269995,0.11309,False,0.491,0.48872122199592666,-0.009847714107228043,0.49330002,0.3884,-0.7073806470274265,91,CORE,5,—,64,WATCH,26,—,0.0,35,—,52,—
2026-10-04 05:51 UTC,SMCI,"Super Micro Computer, Inc.",SMCI-USDT-SWAP,43.69,28261881856.0,13.40184,8.203278,0.7234936,0.8868872565596118,0.13382,0.0571,False,0.22780001,0.36010876382314466,-0.29186959007291946,0.71849996,0.1733,-0.38789912429935003,72,WATCH,5,—,58,WATCH,19,—,0.0,25,—,52,—
2026-10-04 05:51 UTC,PLTR,Palantir Technologies Inc.,PLTR-USDT-SWAP,188.75,453577277440.0,161.3248,81.253044,73.68123,72.2050934009752,0.47120997,0.49005002,False,0.44689998,1.8181483024456615,0.004760169037095581,0.83559996,0.4967,-0.496338789820288,65,WATCH,10,—,43,—,37,—,0.0,48,—,33,—
2026-10-04 05:51 UTC,INTC,Intel Corporation,INTC-USDT-SWAP,119.33,630790946816.0,,57.86876,11.060299,11.192164683447684,0.12189999,-0.19794,True,0.35639998,1.623702672486121,0.007714719421012091,0.1934,0.1416,,0,—,0,—,5,—,48,—,0.0,48,—,5,—
2026-10-04 05:51 UTC,SKHYNIX,SK hynix,SKHYNIX-USDT-SWAP,1841000.0,1306842852491264.0,,3.9148088,6.9082766,6.568328510612484,0.76328003,0.85619,True,0.3309,0.11830791175581745,0.042673913866225016,2.5530999,0.5414,,0,—,0,—,45,—,5,—,0.0,5,—,45,—
2026-10-04 05:51 UTC,SKHY,SK hynix,SKHY-USDT-SWAP,1841000.0,1306842852491264.0,,3.9148088,6.9082766,6.568328510612484,0.76328003,0.85619,True,0.3309,0.11830791175581745,0.042673913866225016,2.5530999,0.5414,,0,—,0,—,45,—,5,—,0.0,5,—,45,—
2026-10-04 05:51 UTC,AXT,AXT Inc,AXT-USDT-SWAP,85.87,5630771712.0,2862.3335,38.164444,44.86349,41.94891725692978,0.21902001,0.0323,False,1.5922,0.23969629443537246,-0.00788826155131469,1.4678999,1.1135,-0.9866666675983075,92,CORE,5,—,59,WATCH,26,—,,35,—,45,—
2026-10-04 05:51 UTC,AAOI,"Applied Optoelectronics, Inc.",AAOI-USDT-SWAP,115.59,9814317056.0,,25.117338,16.467804,16.067522111986097,-0.12884,-0.09568,True,5.7676,0.043549029058880646,-0.09038327444880134,1.2787,1.5647999,,0,—,0,—,0,—,45,—,0.0,45,—,0,—
2026-10-04 05:51 UTC,CRCL,"Circle Internet Group, Inc.",CRCL-USDT-SWAP,81.25,22148272128.0,16.581633,54.194847,7.6230383,6.510077783165252,0.04899,0.15531999,False,0.2935,1.8465024531516185,0.009311307663557348,0.0941,0.23709999,2.2683660891541866,40,—,50,WATCH,42,—,31,—,0.10673462912497951,23,—,43,—
2026-10-04 05:51 UTC,COIN,"Coinbase Global, Inc.",COIN-USDT-SWAP,183.0,48282157056.0,,64.659744,7.988771,7.637903950329565,-0.13922,-0.16344,True,2.4502,0.26389577993633173,0.05526788831959182,-0.2574,0.2927,,0,—,0,—,20,—,40,—,0.017132927386755002,40,—,20,—
2026-10-04 05:51 UTC,SOFTBANK,SOFTBANK GROUP CORP,SOFTBANK-USDT-SWAP,6310.0,35960209276928.0,7.230683,21.368824,4.4962063,7.846566690160936,-0.115509994,0.61613,True,-0.39720002,,-0.0607700273351325,3.1319,0.0717,1.9552981371192737,0,—,86,CORE,0,—,54,—,0.0,40,—,0,—
2026-10-04 05:51 UTC,CRWV,"CoreWeave, Inc.",CRWV-USDT-SWAP,89.62,49428709376.0,,-49.556526,6.5123463,12.58270240071332,-0.01903,-0.25402,True,0.154,-3.2179562337662335,-0.1838732092894369,1.5082,1.0407,,0,—,0,—,0,—,40,—,0.0,40,—,0,—
2026-10-04 05:51 UTC,SAMSUNG,SamsungElec,SAMSUNG-USDT-SWAP,276000.0,1812371509084160.0,,3.9094155,3.7347536,3.418754529901812,0.52182,0.30842,True,0.4773,0.08190688246385922,0.03837558976673712,1.168,0.3417,,0,—,0,—,38,—,10,—,0.0,10,—,38,—
2026-10-04 05:51 UTC,META,"Meta Platforms, Inc.",META-USDT-SWAP,728.08,1854788337664.0,27.320076,20.858347,8.126233,8.22287414531999,0.34827,0.29834998,False,0.093,2.2428330107526877,0.011620530844584434,0.2647,0.2061,-0.23651943720800783,51,WATCH,20,—,27,—,33,—,0.0,38,—,17,—
2026-10-04 05:51 UTC,GOOGL,Alphabet Inc.,GOOGL-USDT-SWAP,343.5,4200982642688.0,17.243977,22.791302,9.422074,9.189633674463042,0.34033,0.54771,False,-0.2755,,0.0053951665331085,0.2378,0.2334,0.32169638129301603,0,—,70,CORE,1,—,48,—,0.0,38,—,2,—
2026-10-04 05:51 UTC,AMZN,"Amazon.com, Inc.",AMZN-USDT-SWAP,251.52,2712973606912.0,20.234915,24.009829,3.4975421,3.6633926267609715,0.13689,0.1744,False,-0.1838,,0.0011865670140684189,0.15529999,0.1444,0.18655447774304945,0,—,52,WATCH,0,—,42,—,0.0,38,—,0,—
2026-10-04 05:51 UTC,FLNC,"Fluence Energy, Inc.",FLNC-USDT-SWAP,7.61,1481383808.0,,-28.572504,0.56286484,0.4640535841899774,-0.08851,-0.03073,True,0.7014,-0.40736390076988876,0.0016328482780338315,0.062,0.35349998,,0,—,0,—,5,—,28,—,0.0,28,—,5,—
2026-10-04 05:51 UTC,MSTR,Strategy Inc,MSTR-USDT-SWAP,160.01,63804116992.0,,3.2331781,128.03151,161.01963765778243,-68.081116,0.0,False,1.5753999,0.02052290405756659,-0.3540135674134023,0.0513,0.0222,,0,—,0,—,25,—,25,—,0.0,25,—,25,—
2026-10-04 05:51 UTC,BMNR,"BitMine Immersion Technologies,",BMNR-USDT-SWAP,26.27,15846757376.0,,27.94681,258.9551,253.4248981125909,0.08424,0.0,False,1.0318,0.27085491374297344,-0.03269414756009703,18.6473,4.2175,,0,—,0,—,25,—,25,—,0.0,25,—,25,—
2026-10-04 05:51 UTC,PURI,Hyperliquid Strategies Inc,PURI-USDT-SWAP,11.89,2352289024.0,3.7040498,32.135136,248.65634,234.07760507399578,95.9509,32.29831,False,0.5102,0.6298537044296355,,4.2891,0.3341,7.675676012779311,46,—,55,WATCH,31,—,24,—,,10,—,25,—
2026-10-04 05:51 UTC,QCOM,QUALCOMM Incorporated,QCOM-USDT-SWAP,184.87,197452333056.0,21.152174,18.117386,4.480527,4.56381461047661,0.18528,0.21013,False,-0.026700001,,0.05186568469208982,-0.0286,0.0475,-0.1434740466866431,11,—,32,—,21,—,20,—,0.0,15,—,25,—
2026-10-04 07:00 UTC,RKLB,Rocket Lab Corporation,RKLB-USDT-SWAP,73.92,47265259520.0,,1369.1425,61.45161,54.686079255404394,-0.24572,-0.21511999,True,0.6811,20.10193070033769,-0.005330842029829185,0.59900004,0.41619998,,0,—,0,—,0,—,100,CORE,0.0,100,CORE,0,—
2026-10-04 07:00 UTC,USAR,"USA Rare Earth, Inc.",USAR-USDT-SWAP,13.59,5101587456.0,,453.0,387.5997,137.37168697766296,-7.95636,0.0,True,1.0526,4.303629108873267,-0.05566042226053333,43.7519,8.7013,,0,—,0,—,0,—,100,CORE,0.0,100,CORE,0,—
2026-10-04 07:00 UTC,CBRS,Cerebras Systems Inc.,CBRS-USDT-SWAP,166.43,39537782784.0,,130.66861,58.086308,48.633199179052525,-2.64968,-0.75271004,True,3.7132,0.35190296779058494,,,2.3273,,0,—,0,—,0,—,88,CORE,0.460048764790977,88,CORE,0,—
2026-10-04 07:00 UTC,IONQ,"IonQ, Inc.",IONQ-USDT-SWAP,43.77,17732788224.0,,-33.864605,71.94588,59.3343383561755,-4.08174,0.0,True,0.1815,-1.8658184573002754,-0.004949856215008729,2.5003998,0.7895,,0,—,0,—,0,—,85,CORE,0.0,85,CORE,0,—
2026-10-04 07:00 UTC,APP,Applovin Corporation,APP-USDT-SWAP,268.22,90105700352.0,20.61645,12.784076,13.194327,13.211336249233682,0.77678,0.64575994,False,0.27719998,0.4611860361606087,0.03529139900780336,0.4777,0.2656,-0.37990895619759946,80,CORE,5,—,82,CORE,8,—,0.0,10,—,83,CORE
2026-10-04 07:00 UTC,TSM,Taiwan Semiconductor Manufactur,TSM-USDT-SWAP,472.78,2452061159424.0,35.334827,21.563414,0.5522048,3.875468958448525,0.60344005,0.49923,False,0.2947,0.7317072955548015,0.2980455898953492,0.42900002,0.3465,-0.3897404959701656,81,CORE,5,—,82,CORE,8,—,0.0,10,—,82,CORE
2026-10-04 07:00 UTC,OKTA,"Okta, Inc.",OKTA-USDT-SWAP,211.49,36972879872.0,126.640724,48.30215,12.031527,11.300644306944756,0.13292,0.09632,False,0.1144,4.2222159090909095,0.028064490177455874,0.104499996,0.100200005,-0.6185891198790052,67,WATCH,13,—,26,—,60,WATCH,0.0,80,CORE,8,—
2026-10-04 07:00 UTC,ASTS,"AST SpaceMobile, Inc.",ASTS-USDT-SWAP,58.45,22746839040.0,,-45.42699,197.28566,162.46216185743154,-5.44626,0.0,True,0.5177,-0.877477110295538,-0.07911310177363438,1.3808,2.7559,,0,—,0,—,0,—,80,WATCH,0.0,80,WATCH,0,—
2026-10-04 07:00 UTC,NBIS,Nebius Group N.V.,NBIS-USDT-SWAP,242.81,66009169920.0,,-69.5621,48.71166,50.70337051545432,-0.00223,0.03129,True,-1.4777,,-0.14565628350807172,5.2959003,2.688,,0,—,0,—,0,—,80,WATCH,0.0,80,WATCH,0,—
2026-10-04 07:00 UTC,AMAT,"Applied Materials, Inc.",AMAT-USDT-SWAP,540.04,428574343168.0,46.51507,29.255379,13.898056,13.83686358800539,0.33736,0.30052,False,0.4434,0.659796549391069,0.007175826441841996,0.2074,0.348,-0.3710558965083789,91,CORE,0,—,81,CORE,9,—,-0.09133610386456201,13,—,77,WATCH
2026-10-04 07:00 UTC,NVDA,NVIDIA Corporation,NVDA-USDT-SWAP,233.95,5649190617088.0,29.576487,14.905945,18.646038,18.53182103959253,0.66236997,0.63663,False,0.6863,0.21719284569430278,0.007401038091639369,0.90589994,0.66019994,-0.49602043677465824,90,CORE,5,—,80,CORE,14,—,0.0,18,—,75,WATCH
2026-10-04 07:00 UTC,SNDK,Sandisk Corporation,SNDK-USDT-SWAP,1719.99,251839234048.0,23.309256,6.5278344,12.437734,12.212476151087131,0.78472,0.56465,False,0.2318,0.28161494391716996,0.030657951439482294,1.4175999,0.18280001,-0.7199466855570165,82,CORE,5,—,77,CORE,8,—,0.0,10,—,75,CORE
2026-10-04 07:00 UTC,WDC,Western Digital Corporation,WDC-USDT-SWAP,415.29,149729050624.0,15.432553,13.0801935,11.589833,11.559799055358221,0.43608,0.72947,False,0.5803,0.2254039893158711,0.015152370702578563,0.48560002,0.3677,-0.15242840896123933,72,WATCH,5,—,74,WATCH,14,—,0.1154709920855265,18,—,75,WATCH
2026-10-04 07:00 UTC,AVGO,Broadcom Inc.,AVGO-USDT-SWAP,355.14,1695307005952.0,43.844444,18.321383,19.026161,19.42394271631035,0.54307,0.42944,False,0.6636,0.27609076250753467,0.01804776323614526,0.65879995,0.64129996,-0.5821276009338834,100,CORE,5,—,82,CORE,21,—,0.0,28,—,75,WATCH
2026-10-04 07:00 UTC,XIAOMI,XIAOMI-W,XIAOMI-USDT-SWAP,24.24,624252485632.0,16.95105,15.754118,1.4249071,1.2457971964505588,0.040120002,0.07533,False,0.39580002,0.3980322689220683,-0.013905772769509363,-0.043899998,0.24120001,-0.07061108308924813,62,WATCH,0,—,68,WATCH,7,—,0.219643028635704,10,—,70,WATCH
2026-10-04 07:00 UTC,HOOD,"Robinhood Markets, Inc.",HOOD-USDT-SWAP,112.74,101362540544.0,50.106667,32.800144,20.552017,20.365681796758828,0.43884,0.42011002,False,0.3384,0.9692713947990546,,0.1752,0.2775,-0.3453936179790206,86,CORE,0,—,75,CORE,4,—,0.0,5,—,70,WATCH
2026-10-04 07:00 UTC,ORCL,Oracle Corporation,ORCL-USDT-SWAP,142.3,431382593536.0,22.304075,12.939669,6.010123,7.9096305188513805,0.35632,0.2636,False,0.3508,0.3688617160775371,-0.10629456787336367,0.3428,0.4562,-0.41985179838213427,95,CORE,0,—,78,CORE,7,—,0.0,10,—,70,WATCH
2026-10-04 07:00 UTC,IREN,IREN LIMITED,IREN-USDT-SWAP,41.76,16455888896.0,,-10.485507,23.275427,26.024953779239656,-1.0247,-0.9938,True,-0.16409999,,-0.2564004476856672,2.9631,1.6088,,0,—,0,—,0,—,68,WATCH,0.440764856366604,68,WATCH,0,—
2026-10-04 07:00 UTC,CRDO,Credo Technology Group Holding ,CRDO-USDT-SWAP,218.64,41093808128.0,76.985916,22.562,25.828188,25.364307223814826,0.25198,0.33833,False,0.5366,0.42046216921356694,0.006042050890650423,0.8741,0.548,-0.7069334084431755,96,CORE,5,—,76,CORE,21,—,0.0,28,—,67,WATCH
2026-10-04 07:00 UTC,AMD,"Advanced Micro Devices, Inc.",AMD-USDT-SWAP,633.91,1034842210304.0,161.30025,40.67883,25.053679,24.839781801861104,0.1725,0.15577,False,1.0567,0.38496101069366895,0.008543814274257986,0.4706,0.7321,-0.7478067764929068,100,CORE,0,—,76,CORE,23,—,0.0,33,—,65,WATCH
2026-10-04 07:00 UTC,MRVL,"Marvell Technology, Inc.",MRVL-USDT-SWAP,272.29,244708294656.0,90.162254,40.343086,25.894234,25.40918118470108,0.16679001,0.27934998,False,0.6027,0.6693725900116143,0.009840491608121126,0.4705,0.5089,-0.5525501614012445,100,CORE,0,—,76,CORE,23,—,0.0,33,—,65,WATCH
2026-10-04 07:00 UTC,ADBE,Adobe Inc.,ADBE-USDT-SWAP,237.69,94481776640.0,13.263951,8.589151,3.6381123,3.6062360772275017,0.34822,0.28048,False,0.1304,0.6586772239263804,0.09890928926545639,0.1195,0.091800004,-0.35244400405278953,65,WATCH,19,—,65,WATCH,27,—,0.0,30,—,65,WATCH
2026-10-04 07:00 UTC,MRNA,"Moderna, Inc.",MRNA-USDT-SWAP,190.01,75858812928.0,,-42.691776,34.04794,32.319484323159784,-5.5793104,-1.41427,True,0.42880002,-0.9956104013241417,0.003944828193976982,0.0808,0.1584,,0,—,0,—,0,—,64,—,-0.004873410710298,64,—,0,—
2026-10-04 07:00 UTC,ARM,Arm Holdings plc,ARM-USDT-SWAP,307.49,328398864384.0,313.7653,100.659294,63.69257,63.03265122272279,0.07603,0.20247999,False,0.3741,2.690705533279872,0.004063655854910498,0.2289,0.36220002,-0.6791892092592775,85,CORE,5,—,50,—,46,—,0.0,63,—,35,—
2026-10-04 07:00 UTC,TSLA,"Tesla, Inc.",TSLA-USDT-SWAP,370.59,1463662804992.0,346.34576,171.64972,14.125428,13.866952796485739,0.014099999,0.03671,False,0.2313,7.421086035451794,0.0033040395147750116,0.1234,0.1362,-0.5043978017805097,55,WATCH,5,—,32,—,46,—,0.0,63,WATCH,22,—
2026-10-04 07:00 UTC,MU,"Micron Technology, Inc.",MU-USDT-SWAP,1074.89,1213973397504.0,14.451332,5.219066,9.114736,8.832407273060081,0.80678004,0.63796,False,0.1674,0.31177216248506573,0.02406498451124728,1.0626999,0.1435,-0.6388522525120868,75,CORE,13,—,66,WATCH,30,—,0.0,38,—,62,WATCH
2026-10-04 07:00 UTC,GLW,Corning Incorporated,GLW-USDT-SWAP,164.19,141431357440.0,75.66359,37.707382,8.337147,8.77583997398108,0.15649,0.111999996,False,0.3266,1.1545432333129213,0.0051933318133611205,0.1749,0.1894,-0.5016442915278008,92,CORE,0,—,70,WATCH,9,—,0.0,13,—,60,WATCH
2026-10-04 07:00 UTC,MSFT,Microsoft Corporation,MSFT-USDT-SWAP,517.53,3842942959616.0,28.815704,21.885357,11.580745,11.737355562000422,0.45111,0.40305,False,0.1974,1.108680699088146,0.00430542434115475,0.1784,0.195,-0.2405059060850986,68,WATCH,3,—,62,WATCH,17,—,0.0,23,—,59,WATCH
2026-10-04 07:00 UTC,LITE,Lumentum Holdings Inc.,LITE-USDT-SWAP,1085.42,97362173952.0,,31.25594,32.303307,31.949228084438886,0.27954,-2.3009598,True,0.6018,0.5193742107012296,0.0023078778018122124,1.0986,0.542,,0,—,0,—,0,—,59,—,0.0,59,—,0,—
2026-10-04 07:00 UTC,DELL,Dell Technologies Inc.,DELL-USDT-SWAP,562.52,357657378816.0,32.68565,19.319212,2.3655057,2.5223474272113933,0.12020001,0.07525,False,0.0083,23.27615903614458,0.01686914793138917,0.70379996,0.16540001,-0.40893902981889607,65,WATCH,20,—,37,—,47,—,0.0,58,—,25,—
2026-10-04 07:00 UTC,KO,Coca-Cola Company (The),KO-USDT-SWAP,85.65,368513318912.0,25.720722,24.288364,7.3513002,7.950854208329844,0.34873,0.28558,False,0.0681,3.5665732745961827,0.014161631843885197,0.0345,0.0025,-0.05568887218640273,22,—,32,—,12,—,50,—,0.0,58,—,7,—
2026-10-04 07:00 UTC,AAPL,Apple Inc.,AAPL-USDT-SWAP,333.69,4869931925504.0,38.31114,34.821583,10.432074,10.479083456505606,0.32623002,0.27618998,False,0.0857,4.063195215869311,0.022119790811008438,0.14819999,0.104899995,-0.0910846557946332,26,—,20,—,11,—,47,—,0.0,58,—,5,—
2026-10-04 07:00 UTC,BE,Bloom Energy Corporation,BE-USDT-SWAP,289.15,85162582016.0,356.9753,58.507515,27.35576,27.396501956870726,0.17106001,0.07868,False,0.8257,0.7085807799442897,0.006242618429536555,1.0335,0.65,-0.8361020636441793,90,CORE,10,—,66,WATCH,37,—,0.0,48,—,55,WATCH
2026-10-04 07:00 UTC,COHR,Coherent Corp.,COHR-USDT-SWAP,337.04,66003300352.0,82.00487,23.996212,9.272495,9.539045841249363,0.118269995,0.11309,False,0.491,0.48872122199592666,-0.009847714107228043,0.49330002,0.3884,-0.7073806470274265,91,CORE,5,—,64,WATCH,26,—,0.0,35,—,52,—
2026-10-04 07:00 UTC,SMCI,"Super Micro Computer, Inc.",SMCI-USDT-SWAP,43.69,28702816256.0,13.40184,8.203278,0.7347813,0.8868872565596118,0.13382,0.0571,False,0.22780001,0.36010876382314466,-0.2873858717705335,0.71849996,0.1733,-0.38789912429935003,72,WATCH,5,—,58,WATCH,19,—,0.0,25,—,52,—
2026-10-04 07:00 UTC,PLTR,Palantir Technologies Inc.,PLTR-USDT-SWAP,188.75,453577277440.0,161.3248,80.51924,73.68123,72.2050934009752,0.47120997,0.49005002,False,0.44689998,1.8017284314937765,0.004760169037095581,0.83559996,0.4967,-0.5008874023088825,75,CORE,10,—,46,—,37,—,0.0,48,—,33,—
2026-10-04 07:00 UTC,INTC,Intel Corporation,INTC-USDT-SWAP,119.33,630790946816.0,,57.86876,11.060299,11.192164683447684,0.12189999,-0.19794,True,0.35639998,1.623702672486121,0.007714719421012091,0.1934,0.1416,,0,—,0,—,5,—,48,—,0.15777345861244502,48,—,5,—
2026-10-04 07:00 UTC,SKHYNIX,SK hynix,SKHYNIX-USDT-SWAP,1841000.0,1306842852491264.0,,3.9148088,6.9082766,6.568328510612484,0.76328003,0.85619,True,0.3309,0.11830791175581745,0.042673913866225016,2.5530999,0.5414,,0,—,0,—,45,—,5,—,0.0,5,—,45,—
2026-10-04 07:00 UTC,SKHY,SK hynix,SKHY-USDT-SWAP,1841000.0,1306842852491264.0,,3.9148088,6.9082766,6.568328510612484,0.76328003,0.85619,True,0.3309,0.11830791175581745,0.042673913866225016,2.5530999,0.5414,,0,—,0,—,45,—,5,—,0.0,5,—,45,—
2026-10-04 07:00 UTC,AXT,AXT Inc,AXT-USDT-SWAP,85.87,5630771712.0,2862.3335,38.164444,44.86349,41.94891725692978,0.21902001,0.0323,False,1.5922,0.23969629443537246,-0.00788826155131469,1.4678999,1.1135,-0.9866666675983075,92,CORE,5,—,59,WATCH,26,—,,35,—,45,—
2026-10-04 07:00 UTC,AAOI,"Applied Optoelectronics, Inc.",AAOI-USDT-SWAP,115.59,9814317056.0,,25.117338,16.467804,16.067522111986097,-0.12884,-0.09568,True,5.7676,0.043549029058880646,-0.09038327444880134,1.2787,1.5647999,,0,—,0,—,0,—,45,—,0.0,45,—,0,—
2026-10-04 07:00 UTC,CRCL,"Circle Internet Group, Inc.",CRCL-USDT-SWAP,81.25,22148272128.0,16.282566,54.194847,7.6230383,6.510077783165252,0.04899,0.15531999,False,0.2935,1.8465024531516185,0.009311307663557348,0.0941,0.23709999,2.328397194889307,40,—,50,WATCH,42,—,31,—,0.1135782292665645,23,—,43,—
2026-10-04 07:00 UTC,COIN,"Coinbase Global, Inc.",COIN-USDT-SWAP,183.0,48282157056.0,,64.659744,7.988771,7.637903950329565,-0.13922,-0.16344,True,2.4502,0.26389577993633173,0.05526788831959182,-0.2574,0.2927,,0,—,0,—,20,—,40,—,0.08662988939039101,40,—,20,—
2026-10-04 07:00 UTC,SOFTBANK,SOFTBANK GROUP CORP,SOFTBANK-USDT-SWAP,6310.0,35960209276928.0,7.230683,21.368824,4.4962063,7.846566690160936,-0.115509994,0.61613,True,-0.39720002,,-0.0607700273351325,3.1319,0.0717,1.9552981371192737,0,—,86,CORE,0,—,54,—,0.0,40,—,0,—
2026-10-04 07:00 UTC,CRWV,"CoreWeave, Inc.",CRWV-USDT-SWAP,89.62,49428709376.0,,-49.556526,6.5123463,12.58270240071332,-0.01903,-0.25402,True,0.154,-3.2179562337662335,-0.1838732092894369,1.5082,1.0407,,0,—,0,—,0,—,40,—,0.0,40,—,0,—
2026-10-04 07:00 UTC,SAMSUNG,SamsungElec,SAMSUNG-USDT-SWAP,276000.0,1812371509084160.0,,3.9094155,3.7347536,3.418754529901812,0.52182,0.30842,True,0.4773,0.08190688246385922,0.03837558976673712,1.168,0.3417,,0,—,0,—,38,—,10,—,0.0,10,—,38,—
2026-10-04 07:00 UTC,META,"Meta Platforms, Inc.",META-USDT-SWAP,728.08,1854788337664.0,27.402334,20.858347,8.126233,8.22287414531999,0.34827,0.29834998,False,0.093,2.2428330107526877,0.011620530844584434,0.2647,0.2061,-0.23881129979657945,51,WATCH,20,—,27,—,33,—,0.0,38,—,17,—
2026-10-04 07:00 UTC,GOOGL,Alphabet Inc.,GOOGL-USDT-SWAP,343.5,4200982642688.0,17.243977,22.791302,9.422074,9.189633674463042,0.34033,0.54771,False,-0.2755,,0.0053951665331085,0.2378,0.2334,0.32169638129301603,0,—,70,CORE,1,—,48,—,0.0,38,—,2,—
2026-10-04 07:00 UTC,AMZN,"Amazon.com, Inc.",AMZN-USDT-SWAP,251.52,2712973606912.0,20.234915,24.009829,3.4975421,3.6633926267609715,0.13689,0.1744,False,-0.1838,,0.0011865670140684189,0.15529999,0.1444,0.18655447774304945,0,—,52,WATCH,0,—,42,—,0.0,38,—,0,—
2026-10-04 07:00 UTC,FLNC,"Fluence Energy, Inc.",FLNC-USDT-SWAP,7.61,1481383808.0,,-28.572504,0.56286484,0.4640535841899774,-0.08851,-0.03073,True,0.7014,-0.40736390076988876,0.0016328482780338315,0.062,0.35349998,,0,—,0,—,5,—,28,—,0.0,28,—,5,—
2026-10-04 07:00 UTC,MSTR,Strategy Inc,MSTR-USDT-SWAP,160.01,63804116992.0,,3.2331781,128.03151,161.01963765778243,-68.081116,0.0,False,1.5753999,0.02052290405756659,-0.3540135674134023,0.0513,0.0222,,0,—,0,—,25,—,25,—,0.0,25,—,25,—
2026-10-04 07:00 UTC,BMNR,"BitMine Immersion Technologies,",BMNR-USDT-SWAP,26.27,15846757376.0,,27.94681,258.9551,253.4248981125909,0.08424,0.0,False,1.0318,0.27085491374297344,-0.03269414756009703,18.6473,4.2175,,0,—,0,—,25,—,25,—,0.0,25,—,25,—
2026-10-04 07:00 UTC,PURI,Hyperliquid Strategies Inc,PURI-USDT-SWAP,11.89,2352289024.0,3.7040498,32.135136,248.65634,234.07760507399578,95.9509,32.29831,False,0.5102,0.6298537044296355,,4.2891,0.3341,7.675676012779311,46,—,55,WATCH,31,—,24,—,,10,—,25,—
2026-10-04 07:00 UTC,QCOM,QUALCOMM Incorporated,QCOM-USDT-SWAP,184.87,197452333056.0,21.152174,18.117386,4.480527,4.56381461047661,0.18528,0.21013,False,-0.026700001,,0.05186568469208982,-0.0286,0.0475,-0.1434740466866431,11,—,32,—,21,—,20,—,0.0,15,—,25,—
2026-10-04 13:16 UTC,RKLB,Rocket Lab Corporation,RKLB-USDT-SWAP,73.92,47265259520.0,,1622.4758,61.45161,54.686079255404394,-0.24572,-0.21511999,True,0.6811,23.821403611804435,-0.005330842029829185,0.59900004,0.41619998,,0,—,0,—,0,—,100,CORE,0.0,100,CORE,0,—
2026-10-04 13:16 UTC,USAR,"USA Rare Earth, Inc.",USAR-USDT-SWAP,13.59,5101587456.0,,453.0,387.5997,137.37168697766296,-7.95636,0.0,True,1.0526,4.303629108873267,-0.05566042226053333,43.7519,8.7013,,0,—,0,—,0,—,100,CORE,0.0,100,CORE,0,—
2026-10-04 13:16 UTC,CBRS,Cerebras Systems Inc.,CBRS-USDT-SWAP,166.43,39537782784.0,,130.66861,58.086308,48.633199179052525,-2.64968,-0.75271004,True,3.7132,0.35190296779058494,,,2.3273,,0,—,0,—,0,—,88,CORE,-0.3976970868006105,88,CORE,0,—
2026-10-04 13:16 UTC,IONQ,"IonQ, Inc.",IONQ-USDT-SWAP,43.77,17732788224.0,,-33.864605,71.94588,59.3343383561755,-4.08174,0.0,True,0.1815,-1.8658184573002754,-0.004949856215008729,2.5003998,0.7895,,0,—,0,—,0,—,85,CORE,0.0,85,CORE,0,—
2026-10-04 13:16 UTC,APP,Applovin Corporation,APP-USDT-SWAP,268.22,89759965184.0,20.61645,12.784076,13.143701,13.211336249233682,0.77678,0.64575994,False,0.27719998,0.4611860361606087,0.03542733352760744,0.4777,0.2656,-0.37990895619759946,80,CORE,5,—,82,CORE,8,—,0.0,10,—,83,CORE
2026-10-04 13:16 UTC,TSM,Taiwan Semiconductor Manufactur,TSM-USDT-SWAP,472.78,2452061159424.0,35.334827,21.563414,0.5522048,3.875468958448525,0.60344005,0.49923,False,0.2947,0.7317072955548015,0.2980455898953492,0.42900002,0.3465,-0.3897404959701656,81,CORE,5,—,82,CORE,8,—,0.0,10,—,82,CORE
2026-10-04 13:16 UTC,OKTA,"Okta, Inc.",OKTA-USDT-SWAP,211.49,36972879872.0,127.40362,48.30215,12.031527,11.300644306944756,0.13292,0.09632,False,0.1144,4.2222159090909095,0.028064490177455874,0.104499996,0.100200005,-0.6208730175798773,67,WATCH,13,—,26,—,60,WATCH,0.0,80,CORE,8,—
2026-10-04 13:16 UTC,NBIS,Nebius Group N.V.,NBIS-USDT-SWAP,242.81,61649018880.0,,-69.5621,45.494072,50.70337051545432,-0.00223,0.03129,True,-1.4777,,-0.1559578812878587,5.2959003,2.688,,0,—,0,—,0,—,80,WATCH,0.0,80,WATCH,0,—
2026-10-04 13:16 UTC,ASTS,"AST SpaceMobile, Inc.",ASTS-USDT-SWAP,58.45,22746839040.0,,-45.42699,197.28566,162.46216185743154,-5.44626,0.0,True,0.5177,-0.877477110295538,-0.07911310177363438,1.3808,2.7559,,0,—,0,—,0,—,80,WATCH,0.0,80,WATCH,0,—
2026-10-04 13:16 UTC,AMAT,"Applied Materials, Inc.",AMAT-USDT-SWAP,540.04,428574343168.0,46.51507,29.255379,13.898056,13.83686358800539,0.33736,0.30052,False,0.4434,0.659796549391069,0.007175826441841996,0.2074,0.348,-0.3710558965083789,91,CORE,0,—,81,CORE,9,—,0.0,13,—,77,WATCH
2026-10-04 13:16 UTC,SNDK,Sandisk Corporation,SNDK-USDT-SWAP,1719.99,251839234048.0,23.309256,6.5278344,12.437734,12.212476151087131,0.78472,0.56465,False,0.2318,0.28161494391716996,0.030657951439482294,1.4175999,0.18280001,-0.7199466855570165,82,CORE,5,—,77,CORE,8,—,0.0,10,—,75,CORE
2026-10-04 13:16 UTC,NVDA,NVIDIA Corporation,NVDA-USDT-SWAP,233.95,5649190617088.0,29.576487,14.905945,18.646038,18.53182103959253,0.66236997,0.63663,False,0.6863,0.21719284569430278,0.007401038091639369,0.90589994,0.66019994,-0.49602043677465824,90,CORE,5,—,80,CORE,14,—,0.0,18,—,75,WATCH
2026-10-04 13:16 UTC,WDC,Western Digital Corporation,WDC-USDT-SWAP,415.29,149729050624.0,15.432553,13.0801935,11.589833,11.559799055358221,0.43608,0.72947,False,0.5803,0.2254039893158711,0.015152370702578563,0.48560002,0.3677,-0.15242840896123933,72,WATCH,5,—,74,WATCH,14,—,0.0,18,—,75,WATCH
2026-10-04 13:16 UTC,AVGO,Broadcom Inc.,AVGO-USDT-SWAP,355.14,1695307005952.0,45.24077,18.31202,19.026161,19.42394271631035,0.54307,0.42944,False,0.6636,0.2759496684749849,0.01804776323614526,0.65879995,0.64129996,-0.5952319113931969,100,CORE,5,—,82,CORE,21,—,0.0,28,—,75,WATCH
2026-10-04 13:16 UTC,XIAOMI,XIAOMI-W,XIAOMI-USDT-SWAP,24.24,624252485632.0,16.95105,15.756556,1.4249071,1.2457971964505588,0.040120002,0.07533,False,0.39580002,0.3980938656849992,-0.013905772769509363,-0.043899998,0.24120001,-0.07046725719055746,62,WATCH,0,—,68,WATCH,7,—,0.0,10,—,70,WATCH
2026-10-04 13:16 UTC,HOOD,"Robinhood Markets, Inc.",HOOD-USDT-SWAP,112.74,101362540544.0,50.106667,32.800144,20.552017,20.365681796758828,0.43884,0.42011002,False,0.3384,0.9692713947990546,,0.1752,0.2775,-0.3453936179790206,86,CORE,0,—,75,CORE,4,—,0.0,5,—,70,WATCH
2026-10-04 13:16 UTC,ORCL,Oracle Corporation,ORCL-USDT-SWAP,142.3,431382593536.0,22.304075,12.939669,6.010123,7.9096305188513805,0.35632,0.2636,False,0.3508,0.3688617160775371,-0.10629456787336367,0.3428,0.4562,-0.41985179838213427,95,CORE,0,—,78,CORE,7,—,0.0,10,—,70,WATCH
2026-10-04 13:16 UTC,IREN,IREN LIMITED,IREN-USDT-SWAP,41.76,16455888896.0,,-10.485507,23.275427,26.024953779239656,-1.0247,-0.9938,True,-0.16409999,,-0.2564004476856672,2.9631,1.6088,,0,—,0,—,0,—,68,WATCH,0.0,68,WATCH,0,—
2026-10-04 13:16 UTC,CRDO,Credo Technology Group Holding ,CRDO-USDT-SWAP,218.64,41093808128.0,76.985916,22.562,25.828188,25.364307223814826,0.25198,0.33833,False,0.5366,0.42046216921356694,0.006042050890650423,0.8741,0.548,-0.7069334084431755,96,CORE,5,—,76,CORE,21,—,0.0,28,—,67,WATCH
2026-10-04 13:16 UTC,AMD,"Advanced Micro Devices, Inc.",AMD-USDT-SWAP,633.91,1034842210304.0,161.30025,40.67883,25.053679,24.839781801861104,0.1725,0.15577,False,1.0567,0.38496101069366895,0.008543814274257986,0.4706,0.7321,-0.7478067764929068,100,CORE,0,—,76,CORE,23,—,0.0,33,—,65,WATCH
2026-10-04 13:16 UTC,MRVL,"Marvell Technology, Inc.",MRVL-USDT-SWAP,272.29,244708294656.0,90.162254,40.343086,25.894234,25.40918118470108,0.16679001,0.27934998,False,0.6027,0.6693725900116143,0.009840491608121126,0.4705,0.5089,-0.5525501614012445,100,CORE,0,—,76,CORE,23,—,0.0,33,—,65,WATCH
2026-10-04 13:16 UTC,ADBE,Adobe Inc.,ADBE-USDT-SWAP,237.69,94481776640.0,13.263951,8.589151,3.6381123,3.6062360772275017,0.34822,0.28048,False,0.1304,0.6586772239263804,0.09890928926545639,0.1195,0.091800004,-0.35244400405278953,65,WATCH,19,—,65,WATCH,27,—,0.0,30,—,65,WATCH
2026-10-04 13:16 UTC,MRNA,"Moderna, Inc.",MRNA-USDT-SWAP,190.01,75858812928.0,,-42.691776,34.04794,32.319484323159784,-5.5793104,-1.41427,True,0.42880002,-0.9956104013241417,0.003944828193976982,0.0808,0.1584,,0,—,0,—,0,—,64,—,0.0,64,—,0,—
2026-10-04 13:16 UTC,ARM,Arm Holdings plc,ARM-USDT-SWAP,307.49,328398864384.0,313.7653,100.659294,63.69257,63.03265122272279,0.07603,0.20247999,False,0.3741,2.690705533279872,0.004063655854910498,0.2289,0.36220002,-0.6791892092592775,85,CORE,5,—,50,—,46,—,0.0,63,—,35,—
2026-10-04 13:16 UTC,TSLA,"Tesla, Inc.",TSLA-USDT-SWAP,370.59,1463662804992.0,346.34576,171.64972,14.125428,13.866952796485739,0.014099999,0.03671,False,0.2313,7.421086035451794,0.0033040395147750116,0.1234,0.1362,-0.5043978017805097,55,WATCH,5,—,32,—,46,—,0.0,63,WATCH,22,—
2026-10-04 13:16 UTC,MU,"Micron Technology, Inc.",MU-USDT-SWAP,1074.89,1213973397504.0,14.451332,5.219066,9.114736,8.832407273060081,0.80678004,0.63796,False,0.1674,0.31177216248506573,0.02406498451124728,1.0626999,0.1435,-0.6388522525120868,75,CORE,13,—,66,WATCH,30,—,0.0,38,—,62,WATCH
2026-10-04 13:16 UTC,GLW,Corning Incorporated,GLW-USDT-SWAP,164.19,141143932928.0,73.95946,37.707382,8.320204,8.77583997398108,0.15649,0.111999996,False,0.3266,1.1545432333129213,0.005203907477728294,0.1749,0.1894,-0.4901614749485732,82,CORE,0,—,67,WATCH,9,—,0.0,13,—,60,WATCH
2026-10-04 13:16 UTC,MSFT,Microsoft Corporation,MSFT-USDT-SWAP,517.53,3842942959616.0,28.57703,21.885357,11.580745,11.737355562000422,0.45111,0.40305,False,0.1974,1.108680699088146,0.00430542434115475,0.1784,0.195,-0.23416264741297477,68,WATCH,3,—,62,WATCH,17,—,0.0,23,—,59,WATCH
2026-10-04 13:16 UTC,LITE,Lumentum Holdings Inc.,LITE-USDT-SWAP,1085.42,97362173952.0,,31.164467,32.303307,31.949228084438886,0.27954,-2.3009598,True,0.6018,0.5178542206713194,0.0023078778018122124,1.0986,0.542,,0,—,0,—,0,—,59,—,0.0,59,—,0,—
2026-10-04 13:16 UTC,DELL,Dell Technologies Inc.,DELL-USDT-SWAP,562.52,357657378816.0,32.68565,19.319212,2.3655057,2.5223474272113933,0.12020001,0.07525,False,0.0083,23.27615903614458,0.01686914793138917,0.70379996,0.16540001,-0.40893902981889607,65,WATCH,20,—,37,—,47,—,0.0,58,—,25,—
2026-10-04 13:16 UTC,KO,Coca-Cola Company (The),KO-USDT-SWAP,85.65,368513318912.0,25.876133,24.288364,7.3513002,7.950854208329844,0.34873,0.28558,False,0.0681,3.5665732745961827,0.014161631843885197,0.0345,0.0025,-0.06136036632676134,22,—,32,—,12,—,50,—,0.0,58,—,7,—
2026-10-04 13:16 UTC,AAPL,Apple Inc.,AAPL-USDT-SWAP,333.69,4869931925504.0,38.31114,34.821583,10.432074,10.479083456505606,0.32623002,0.27618998,False,0.0857,4.063195215869311,0.022119790811008438,0.14819999,0.104899995,-0.0910846557946332,26,—,20,—,11,—,47,—,0.0,58,—,5,—
2026-10-04 13:16 UTC,BE,Bloom Energy Corporation,BE-USDT-SWAP,289.15,85162582016.0,370.70514,58.666466,27.35576,27.396501956870726,0.17106001,0.07868,False,0.8257,0.7105058253603004,0.006242618429536555,1.0335,0.65,-0.8417435862907108,90,CORE,10,—,66,WATCH,37,—,0.0,48,—,55,WATCH
2026-10-04 13:16 UTC,COHR,Coherent Corp.,COHR-USDT-SWAP,337.04,66003300352.0,82.00487,23.996212,9.272495,9.539045841249363,0.118269995,0.11309,False,0.491,0.48872122199592666,-0.009847714107228043,0.49330002,0.3884,-0.7073806470274265,91,CORE,5,—,64,WATCH,26,—,0.0,35,—,52,—
2026-10-04 13:16 UTC,SMCI,"Super Micro Computer, Inc.",SMCI-USDT-SWAP,43.69,28261881856.0,13.40184,8.203278,0.7234936,0.8868872565596118,0.13382,0.0571,False,0.22780001,0.36010876382314466,-0.29186959007291946,0.71849996,0.1733,-0.38789912429935003,72,WATCH,5,—,58,WATCH,19,—,0.0,25,—,52,—
2026-10-04 13:16 UTC,PLTR,Palantir Technologies Inc.,PLTR-USDT-SWAP,188.75,453577277440.0,161.3248,81.253044,73.68123,72.2050934009752,0.47120997,0.49005002,False,0.44689998,1.8181483024456615,0.004760169037095581,0.83559996,0.4967,-0.496338789820288,65,WATCH,10,—,43,—,37,—,0.0,48,—,33,—
2026-10-04 13:16 UTC,INTC,Intel Corporation,INTC-USDT-SWAP,119.33,630790946816.0,,57.86876,11.060299,11.192164683447684,0.12189999,-0.19794,True,0.35639998,1.623702672486121,0.007714719421012091,0.1934,0.1416,,0,—,0,—,5,—,48,—,0.217946189069298,48,—,5,—
2026-10-04 13:16 UTC,SKHYNIX,SK hynix,SKHYNIX-USDT-SWAP,1841000.0,1306842852491264.0,,3.9148088,6.9082766,6.568328510612484,0.76328003,0.85619,True,0.3309,0.11830791175581745,0.042673913866225016,2.5530999,0.5414,,0,—,0,—,45,—,5,—,0.0,5,—,45,—
2026-10-04 13:16 UTC,SKHY,SK hynix,SKHY-USDT-SWAP,1841000.0,1306842852491264.0,,3.9148088,6.9082766,6.568328510612484,0.76328003,0.85619,True,0.3309,0.11830791175581745,0.042673913866225016,2.5530999,0.5414,,0,—,0,—,45,—,5,—,0.0,5,—,45,—
2026-10-04 13:16 UTC,AXT,AXT Inc,AXT-USDT-SWAP,85.87,5630771712.0,2862.3335,38.164444,44.86349,41.94891725692978,0.21902001,0.0323,False,1.5922,0.23969629443537246,-0.00788826155131469,1.4678999,1.1135,-0.9866666675983075,92,CORE,5,—,59,WATCH,26,—,,35,—,45,—
2026-10-04 13:16 UTC,AAOI,"Applied Optoelectronics, Inc.",AAOI-USDT-SWAP,115.59,9814317056.0,,25.117338,16.467804,16.067522111986097,-0.12884,-0.09568,True,5.7676,0.043549029058880646,-0.09038327444880134,1.2787,1.5647999,,0,—,0,—,0,—,45,—,0.0,45,—,0,—
2026-10-04 13:16 UTC,CRCL,"Circle Internet Group, Inc.",CRCL-USDT-SWAP,81.25,22148272128.0,16.282566,54.194847,7.6230383,6.510077783165252,0.04899,0.15531999,False,0.2935,1.8465024531516185,0.009311307663557348,0.0941,0.23709999,2.328397194889307,40,—,50,WATCH,42,—,31,—,0.0,23,—,43,—
2026-10-04 13:16 UTC,COIN,"Coinbase Global, Inc.",COIN-USDT-SWAP,183.0,48282157056.0,,64.659744,7.988771,7.637903950329565,-0.13922,-0.16344,True,2.4502,0.26389577993633173,0.05526788831959182,-0.2574,0.2927,,0,—,0,—,20,—,40,—,0.0,40,—,20,—
2026-10-04 13:16 UTC,SOFTBANK,SOFTBANK GROUP CORP,SOFTBANK-USDT-SWAP,6310.0,35960209276928.0,7.230683,21.368824,4.4962063,7.846566690160936,-0.115509994,0.61613,True,-0.39720002,,-0.0607700273351325,3.1319,0.0717,1.9552981371192737,0,—,86,CORE,0,—,54,—,0.0,40,—,0,—
2026-10-04 13:16 UTC,CRWV,"CoreWeave, Inc.",CRWV-USDT-SWAP,89.62,49428709376.0,,-49.556526,6.5123463,12.58270240071332,-0.01903,-0.25402,True,0.154,-3.2179562337662335,-0.1838732092894369,1.5082,1.0407,,0,—,0,—,0,—,40,—,0.0,40,—,0,—
2026-10-04 13:16 UTC,SAMSUNG,SamsungElec,SAMSUNG-USDT-SWAP,276000.0,1812371509084160.0,,3.9094155,3.7347536,3.418754529901812,0.52182,0.30842,True,0.4773,0.08190688246385922,0.03837558976673712,1.168,0.3417,,0,—,0,—,38,—,10,—,0.0,10,—,38,—
2026-10-04 13:16 UTC,META,"Meta Platforms, Inc.",META-USDT-SWAP,728.08,1854788337664.0,27.402334,20.858347,8.126233,8.22287414531999,0.34827,0.29834998,False,0.093,2.2428330107526877,0.011620530844584434,0.2647,0.2061,-0.23881129979657945,51,WATCH,20,—,27,—,33,—,0.0,38,—,17,—
2026-10-04 13:16 UTC,GOOGL,Alphabet Inc.,GOOGL-USDT-SWAP,343.5,4200982642688.0,17.243977,22.791302,9.422074,9.189633674463042,0.34033,0.54771,False,-0.2755,,0.0053951665331085,0.2378,0.2334,0.32169638129301603,0,—,70,CORE,1,—,48,—,0.0,38,—,2,—
2026-10-04 13:16 UTC,AMZN,"Amazon.com, Inc.",AMZN-USDT-SWAP,251.52,2712973606912.0,20.234915,24.009829,3.4975421,3.6633926267609715,0.13689,0.1744,False,-0.1838,,0.0011865670140684189,0.15529999,0.1444,0.18655447774304945,0,—,52,WATCH,0,—,42,—,0.0,38,—,0,—
2026-10-04 13:16 UTC,FLNC,"Fluence Energy, Inc.",FLNC-USDT-SWAP,7.61,1481383808.0,,-28.572504,0.56286484,0.4640535841899774,-0.08851,-0.03073,True,0.7014,-0.40736390076988876,0.0016328482780338315,0.062,0.35349998,,0,—,0,—,5,—,28,—,0.0,28,—,5,—
2026-10-04 13:16 UTC,BMNR,"BitMine Immersion Technologies,",BMNR-USDT-SWAP,26.27,15846757376.0,,27.94681,258.9551,253.4248981125909,0.08424,0.0,False,1.0318,0.27085491374297344,-0.03269414756009703,18.6473,4.2175,,0,—,0,—,25,—,25,—,0.0,25,—,25,—
2026-10-04 13:16 UTC,MSTR,Strategy Inc,MSTR-USDT-SWAP,160.01,63804116992.0,,3.2331781,128.03151,161.01963765778243,-68.081116,0.0,False,1.5753999,0.02052290405756659,-0.3540135674134023,0.0513,0.0222,,0,—,0,—,25,—,25,—,-0.0363660550399455,25,—,25,—
2026-10-04 13:16 UTC,PURI,Hyperliquid Strategies Inc,PURI-USDT-SWAP,11.89,2352289024.0,3.7040498,32.135136,248.65634,234.07760507399578,95.9509,32.29831,False,0.5102,0.6298537044296355,,4.2891,0.3341,7.675676012779311,46,—,55,WATCH,31,—,24,—,,10,—,25,—
2026-10-04 13:16 UTC,QCOM,QUALCOMM Incorporated,QCOM-USDT-SWAP,184.87,197452333056.0,21.152174,18.117386,4.480527,4.56381461047661,0.18528,0.21013,False,-0.026700001,,0.05186568469208982,-0.0286,0.0475,-0.1434740466866431,11,—,32,—,21,—,20,—,0.0,15,—,25,—
2026-10-04 17:41 UTC,RKLB,Rocket Lab Corporation,RKLB-USDT-SWAP,73.92,47265259520.0,,1369.1425,61.45161,54.686079255404394,-0.24572,-0.21511999,True,0.6811,20.10193070033769,-0.005330842029829185,0.59900004,0.41619998,,0,—,0,—,0,—,100,CORE,0.0,100,CORE,0,—
2026-10-04 17:41 UTC,USAR,"USA Rare Earth, Inc.",USAR-USDT-SWAP,13.59,5101587456.0,,453.0,387.5997,137.37168697766296,-7.95636,0.0,True,1.0526,4.303629108873267,-0.05566042226053333,43.7519,8.7013,,0,—,0,—,0,—,100,CORE,0.0,100,CORE,0,—
2026-10-04 17:41 UTC,CBRS,Cerebras Systems Inc.,CBRS-USDT-SWAP,166.43,39537782784.0,,130.66861,58.086308,48.633199179052525,-2.64968,-0.75271004,True,3.7132,0.35190296779058494,,,2.3273,,0,—,0,—,0,—,88,CORE,0.580325991687438,88,CORE,0,—
2026-10-04 17:41 UTC,IONQ,"IonQ, Inc.",IONQ-USDT-SWAP,43.77,17732788224.0,,-33.864605,71.94588,59.3343383561755,-4.08174,0.0,True,0.1815,-1.8658184573002754,-0.004949856215008729,2.5003998,0.7895,,0,—,0,—,0,—,85,CORE,0.0,85,CORE,0,—
2026-10-04 17:41 UTC,APP,Applovin Corporation,APP-USDT-SWAP,268.22,89759965184.0,20.61645,12.784076,13.143701,13.211336249233682,0.77678,0.64575994,False,0.27719998,0.4611860361606087,0.03542733352760744,0.4777,0.2656,-0.37990895619759946,80,CORE,5,—,82,CORE,8,—,0.0,10,—,83,CORE
2026-10-04 17:41 UTC,TSM,Taiwan Semiconductor Manufactur,TSM-USDT-SWAP,472.78,2452061159424.0,35.334827,21.563414,0.5522048,3.875468958448525,0.60344005,0.49923,False,0.2947,0.7317072955548015,0.2980455898953492,0.42900002,0.3465,-0.3897404959701656,81,CORE,5,—,82,CORE,8,—,0.0,10,—,82,CORE
2026-10-04 17:41 UTC,OKTA,"Okta, Inc.",OKTA-USDT-SWAP,211.49,36972879872.0,127.40362,48.30215,12.031527,11.300644306944756,0.13292,0.09632,False,0.1144,4.2222159090909095,0.028064490177455874,0.104499996,0.100200005,-0.6208730175798773,67,WATCH,13,—,26,—,60,WATCH,0.0,80,CORE,8,—
2026-10-04 17:41 UTC,ASTS,"AST SpaceMobile, Inc.",ASTS-USDT-SWAP,58.45,22746839040.0,,-45.42699,197.28566,162.46216185743154,-5.44626,0.0,True,0.5177,-0.877477110295538,-0.07911310177363438,1.3808,2.7559,,0,—,0,—,0,—,80,WATCH,0.0,80,WATCH,0,—
2026-10-04 17:41 UTC,NBIS,Nebius Group N.V.,NBIS-USDT-SWAP,242.81,61649018880.0,,-69.5621,45.494072,50.70337051545432,-0.00223,0.03129,True,-1.4777,,-0.1559578812878587,5.2959003,2.688,,0,—,0,—,0,—,80,WATCH,0.0,80,WATCH,0,—
2026-10-04 17:41 UTC,AMAT,"Applied Materials, Inc.",AMAT-USDT-SWAP,540.04,428574343168.0,46.51507,29.255379,13.898056,13.83686358800539,0.33736,0.30052,False,0.4434,0.659796549391069,0.007175826441841996,0.2074,0.348,-0.3710558965083789,91,CORE,0,—,81,CORE,9,—,0.0,13,—,77,WATCH
2026-10-04 17:41 UTC,NVDA,NVIDIA Corporation,NVDA-USDT-SWAP,233.95,5649190617088.0,29.576487,14.905945,18.646038,18.53182103959253,0.66236997,0.63663,False,0.6863,0.21719284569430278,0.007401038091639369,0.90589994,0.66019994,-0.49602043677465824,90,CORE,5,—,80,CORE,14,—,0.0,18,—,75,WATCH
2026-10-04 17:41 UTC,SNDK,Sandisk Corporation,SNDK-USDT-SWAP,1719.99,251839234048.0,23.309256,6.5278344,12.437734,12.212476151087131,0.78472,0.56465,False,0.2318,0.28161494391716996,0.030657951439482294,1.4175999,0.18280001,-0.7199466855570165,82,CORE,5,—,77,CORE,8,—,0.0,10,—,75,CORE
2026-10-04 17:41 UTC,WDC,Western Digital Corporation,WDC-USDT-SWAP,415.29,149729050624.0,15.432553,13.0801935,11.589833,11.559799055358221,0.43608,0.72947,False,0.5803,0.2254039893158711,0.015152370702578563,0.48560002,0.3677,-0.15242840896123933,72,WATCH,5,—,74,WATCH,14,—,0.06833288153299501,18,—,75,WATCH
2026-10-04 17:41 UTC,AVGO,Broadcom Inc.,AVGO-USDT-SWAP,355.14,1695307005952.0,45.24077,18.31202,19.026161,19.42394271631035,0.54307,0.42944,False,0.6636,0.2759496684749849,0.01804776323614526,0.65879995,0.64129996,-0.5952319113931969,100,CORE,5,—,82,CORE,21,—,0.0,28,—,75,WATCH
2026-10-04 17:41 UTC,XIAOMI,XIAOMI-W,XIAOMI-USDT-SWAP,24.24,624252485632.0,16.95105,15.756556,1.4249071,1.2457971964505588,0.040120002,0.07533,False,0.39580002,0.3980938656849992,-0.013905772769509363,-0.043899998,0.24120001,-0.07046725719055746,62,WATCH,0,—,68,WATCH,7,—,0.031200722041979996,10,—,70,WATCH
2026-10-04 17:41 UTC,HOOD,"Robinhood Markets, Inc.",HOOD-USDT-SWAP,112.74,101362540544.0,50.106667,32.800144,20.552017,20.365681796758828,0.43884,0.42011002,False,0.3384,0.9692713947990546,,0.1752,0.2775,-0.3453936179790206,86,CORE,0,—,75,CORE,4,—,0.0,5,—,70,WATCH
2026-10-04 17:41 UTC,ORCL,Oracle Corporation,ORCL-USDT-SWAP,142.3,431382593536.0,22.304075,12.939669,6.010123,7.9096305188513805,0.35632,0.2636,False,0.3508,0.3688617160775371,-0.10629456787336367,0.3428,0.4562,-0.41985179838213427,95,CORE,0,—,78,CORE,7,—,0.0,10,—,70,WATCH
2026-10-04 17:41 UTC,IREN,IREN LIMITED,IREN-USDT-SWAP,41.76,16455888896.0,,-10.485507,23.275427,26.024953779239656,-1.0247,-0.9938,True,-0.16409999,,-0.2564004476856672,2.9631,1.6088,,0,—,0,—,0,—,68,WATCH,0.0,68,WATCH,0,—
2026-10-04 17:41 UTC,CRDO,Credo Technology Group Holding ,CRDO-USDT-SWAP,218.64,41093808128.0,76.985916,22.562,25.828188,25.364307223814826,0.25198,0.33833,False,0.5366,0.42046216921356694,0.006042050890650423,0.8741,0.548,-0.7069334084431755,96,CORE,5,—,76,CORE,21,—,0.0,28,—,67,WATCH
2026-10-04 17:41 UTC,AMD,"Advanced Micro Devices, Inc.",AMD-USDT-SWAP,633.91,1034842210304.0,161.30025,40.67883,25.053679,24.839781801861104,0.1725,0.15577,False,1.0567,0.38496101069366895,0.008543814274257986,0.4706,0.7321,-0.7478067764929068,100,CORE,0,—,76,CORE,23,—,0.0,33,—,65,WATCH
2026-10-04 17:41 UTC,MRVL,"Marvell Technology, Inc.",MRVL-USDT-SWAP,272.29,244708294656.0,90.162254,40.343086,25.894234,25.40918118470108,0.16679001,0.27934998,False,0.6027,0.6693725900116143,0.009840491608121126,0.4705,0.5089,-0.5525501614012445,100,CORE,0,—,76,CORE,23,—,0.0,33,—,65,WATCH
2026-10-04 17:41 UTC,ADBE,Adobe Inc.,ADBE-USDT-SWAP,237.69,94481776640.0,13.263951,8.589151,3.6381123,3.6062360772275017,0.34822,0.28048,False,0.1304,0.6586772239263804,0.09890928926545639,0.1195,0.091800004,-0.35244400405278953,65,WATCH,19,—,65,WATCH,27,—,0.0,30,—,65,WATCH
2026-10-04 17:41 UTC,MRNA,"Moderna, Inc.",MRNA-USDT-SWAP,190.01,75858812928.0,,-42.691776,34.04794,32.319484323159784,-5.5793104,-1.41427,True,0.42880002,-0.9956104013241417,0.003944828193976982,0.0808,0.1584,,0,—,0,—,0,—,64,—,0.0,64,—,0,—
2026-10-04 17:41 UTC,ARM,Arm Holdings plc,ARM-USDT-SWAP,307.49,328398864384.0,313.7653,100.659294,63.69257,63.03265122272279,0.07603,0.20247999,False,0.3741,2.690705533279872,0.004063655854910498,0.2289,0.36220002,-0.6791892092592775,85,CORE,5,—,50,—,46,—,0.0,63,—,35,—
2026-10-04 17:41 UTC,TSLA,"Tesla, Inc.",TSLA-USDT-SWAP,370.59,1463662804992.0,346.34576,171.64972,14.125428,13.866952796485739,0.014099999,0.03671,False,0.2313,7.421086035451794,0.0033040395147750116,0.1234,0.1362,-0.5043978017805097,55,WATCH,5,—,32,—,46,—,0.0,63,WATCH,22,—
2026-10-04 17:41 UTC,MU,"Micron Technology, Inc.",MU-USDT-SWAP,1074.89,1213973397504.0,14.451332,5.219066,9.114736,8.832407273060081,0.80678004,0.63796,False,0.1674,0.31177216248506573,0.02406498451124728,1.0626999,0.1435,-0.6388522525120868,75,CORE,13,—,66,WATCH,30,—,0.0,38,—,62,WATCH
2026-10-04 17:41 UTC,GLW,Corning Incorporated,GLW-USDT-SWAP,164.19,141143932928.0,73.95946,37.707382,8.320204,8.77583997398108,0.15649,0.111999996,False,0.3266,1.1545432333129213,0.005203907477728294,0.1749,0.1894,-0.4901614749485732,82,CORE,0,—,67,WATCH,9,—,0.0,13,—,60,WATCH
2026-10-04 17:41 UTC,MSFT,Microsoft Corporation,MSFT-USDT-SWAP,517.53,3842942959616.0,28.57703,21.885357,11.580745,11.737355562000422,0.45111,0.40305,False,0.1974,1.108680699088146,0.00430542434115475,0.1784,0.195,-0.23416264741297477,68,WATCH,3,—,62,WATCH,17,—,0.0,23,—,59,WATCH
2026-10-04 17:41 UTC,LITE,Lumentum Holdings Inc.,LITE-USDT-SWAP,1085.42,97362173952.0,,31.164467,32.303307,31.949228084438886,0.27954,-2.3009598,True,0.6018,0.5178542206713194,0.0023078778018122124,1.0986,0.542,,0,—,0,—,0,—,59,—,0.0,59,—,0,—
2026-10-04 17:41 UTC,DELL,Dell Technologies Inc.,DELL-USDT-SWAP,562.52,357657378816.0,32.68565,19.319212,2.3655057,2.5223474272113933,0.12020001,0.07525,False,0.0083,23.27615903614458,0.01686914793138917,0.70379996,0.16540001,-0.40893902981889607,65,WATCH,20,—,37,—,47,—,0.0,58,—,25,—
2026-10-04 17:41 UTC,KO,Coca-Cola Company (The),KO-USDT-SWAP,85.65,368513318912.0,25.876133,24.288364,7.3513002,7.950854208329844,0.34873,0.28558,False,0.0681,3.5665732745961827,0.014161631843885197,0.0345,0.0025,-0.06136036632676134,22,—,32,—,12,—,50,—,0.0,58,—,7,—
2026-10-04 17:41 UTC,AAPL,Apple Inc.,AAPL-USDT-SWAP,333.69,4869931925504.0,38.31114,34.821583,10.432074,10.479083456505606,0.32623002,0.27618998,False,0.0857,4.063195215869311,0.022119790811008438,0.14819999,0.104899995,-0.0910846557946332,26,—,20,—,11,—,47,—,0.0,58,—,5,—
2026-10-04 17:41 UTC,BE,Bloom Energy Corporation,BE-USDT-SWAP,289.15,85162582016.0,370.70514,58.666466,27.35576,27.396501956870726,0.17106001,0.07868,False,0.8257,0.7105058253603004,0.006242618429536555,1.0335,0.65,-0.8417435862907108,90,CORE,10,—,66,WATCH,37,—,0.0,48,—,55,WATCH
2026-10-04 17:41 UTC,COHR,Coherent Corp.,COHR-USDT-SWAP,337.04,66003300352.0,82.00487,23.996212,9.272495,9.539045841249363,0.118269995,0.11309,False,0.491,0.48872122199592666,-0.009847714107228043,0.49330002,0.3884,-0.7073806470274265,91,CORE,5,—,64,WATCH,26,—,0.0,35,—,52,—
2026-10-04 17:41 UTC,SMCI,"Super Micro Computer, Inc.",SMCI-USDT-SWAP,43.69,28261881856.0,13.40184,8.203278,0.7234936,0.8868872565596118,0.13382,0.0571,False,0.22780001,0.36010876382314466,-0.29186959007291946,0.71849996,0.1733,-0.38789912429935003,72,WATCH,5,—,58,WATCH,19,—,0.0,25,—,52,—
2026-10-04 17:41 UTC,PLTR,Palantir Technologies Inc.,PLTR-USDT-SWAP,188.75,453577277440.0,161.3248,81.253044,73.68123,72.2050934009752,0.47120997,0.49005002,False,0.44689998,1.8181483024456615,0.004760169037095581,0.83559996,0.4967,-0.496338789820288,65,WATCH,10,—,43,—,37,—,0.0,48,—,33,—
2026-10-04 17:41 UTC,INTC,Intel Corporation,INTC-USDT-SWAP,119.33,630790946816.0,,57.86876,11.060299,11.192164683447684,0.12189999,-0.19794,True,0.35639998,1.623702672486121,0.007714719421012091,0.1934,0.1416,,0,—,0,—,5,—,48,—,0.0,48,—,5,—
2026-10-04 17:41 UTC,SKHYNIX,SK hynix,SKHYNIX-USDT-SWAP,1841000.0,1306842852491264.0,,3.9148088,6.9082766,6.568328510612484,0.76328003,0.85619,True,0.3309,0.11830791175581745,0.042673913866225016,2.5530999,0.5414,,0,—,0,—,45,—,5,—,0.0,5,—,45,—
2026-10-04 17:41 UTC,SKHY,SK hynix,SKHY-USDT-SWAP,1841000.0,1306842852491264.0,,3.9148088,6.9082766,6.568328510612484,0.76328003,0.85619,True,0.3309,0.11830791175581745,0.042673913866225016,2.5530999,0.5414,,0,—,0,—,45,—,5,—,0.0,5,—,45,—
2026-10-04 17:41 UTC,AXT,AXT Inc,AXT-USDT-SWAP,85.87,5630771712.0,2862.3335,38.164444,44.86349,41.94891725692978,0.21902001,0.0323,False,1.5922,0.23969629443537246,-0.00788826155131469,1.4678999,1.1135,-0.9866666675983075,92,CORE,5,—,59,WATCH,26,—,,35,—,45,—
2026-10-04 17:41 UTC,AAOI,"Applied Optoelectronics, Inc.",AAOI-USDT-SWAP,115.59,9814317056.0,,25.117338,16.467804,16.067522111986097,-0.12884,-0.09568,True,5.7676,0.043549029058880646,-0.09038327444880134,1.2787,1.5647999,,0,—,0,—,0,—,45,—,0.0,45,—,0,—
2026-10-04 17:41 UTC,CRCL,"Circle Internet Group, Inc.",CRCL-USDT-SWAP,81.25,22148272128.0,16.282566,54.194847,7.6230383,6.510077783165252,0.04899,0.15531999,False,0.2935,1.8465024531516185,0.009311307663557348,0.0941,0.23709999,2.328397194889307,40,—,50,WATCH,42,—,31,—,0.0,23,—,43,—
2026-10-04 17:41 UTC,COIN,"Coinbase Global, Inc.",COIN-USDT-SWAP,183.0,48282157056.0,,64.659744,7.988771,7.637903950329565,-0.13922,-0.16344,True,2.4502,0.26389577993633173,0.05526788831959182,-0.2574,0.2927,,0,—,0,—,20,—,40,—,0.0,40,—,20,—
2026-10-04 17:41 UTC,SOFTBANK,SOFTBANK GROUP CORP,SOFTBANK-USDT-SWAP,6310.0,35960209276928.0,7.230683,21.368824,4.4962063,7.846566690160936,-0.115509994,0.61613,True,-0.39720002,,-0.0607700273351325,3.1319,0.0717,1.9552981371192737,0,—,86,CORE,0,—,54,—,0.0,40,—,0,—
2026-10-04 17:41 UTC,CRWV,"CoreWeave, Inc.",CRWV-USDT-SWAP,89.62,49428709376.0,,-49.556526,6.5123463,12.58270240071332,-0.01903,-0.25402,True,0.154,-3.2179562337662335,-0.1838732092894369,1.5082,1.0407,,0,—,0,—,0,—,40,—,0.0,40,—,0,—
2026-10-04 17:41 UTC,SAMSUNG,SamsungElec,SAMSUNG-USDT-SWAP,276000.0,1812371509084160.0,,3.9094155,3.7347536,3.418754529901812,0.52182,0.30842,True,0.4773,0.08190688246385922,0.03837558976673712,1.168,0.3417,,0,—,0,—,38,—,10,—,0.0,10,—,38,—
2026-10-04 17:41 UTC,META,"Meta Platforms, Inc.",META-USDT-SWAP,728.08,1854788337664.0,27.402334,20.858347,8.126233,8.22287414531999,0.34827,0.29834998,False,0.093,2.2428330107526877,0.011620530844584434,0.2647,0.2061,-0.23881129979657945,51,WATCH,20,—,27,—,33,—,0.0,38,—,17,—
2026-10-04 17:41 UTC,GOOGL,Alphabet Inc.,GOOGL-USDT-SWAP,343.5,4200982642688.0,17.243977,22.791302,9.422074,9.189633674463042,0.34033,0.54771,False,-0.2755,,0.0053951665331085,0.2378,0.2334,0.32169638129301603,0,—,70,CORE,1,—,48,—,0.0,38,—,2,—
2026-10-04 17:41 UTC,AMZN,"Amazon.com, Inc.",AMZN-USDT-SWAP,251.52,2712973606912.0,20.234915,24.009829,3.4975421,3.6633926267609715,0.13689,0.1744,False,-0.1838,,0.0011865670140684189,0.15529999,0.1444,0.18655447774304945,0,—,52,WATCH,0,—,42,—,0.0,38,—,0,—
2026-10-04 17:41 UTC,FLNC,"Fluence Energy, Inc.",FLNC-USDT-SWAP,7.61,1481383808.0,,-28.572504,0.56286484,0.4640535841899774,-0.08851,-0.03073,True,0.7014,-0.40736390076988876,0.0016328482780338315,0.062,0.35349998,,0,—,0,—,5,—,28,—,0.0,28,—,5,—
2026-10-04 17:41 UTC,MSTR,Strategy Inc,MSTR-USDT-SWAP,160.01,63804116992.0,,3.2331781,128.03151,161.01963765778243,-68.081116,0.0,False,1.5753999,0.02052290405756659,-0.3540135674134023,0.0513,0.0222,,0,—,0,—,25,—,25,—,-0.0695093803030425,25,—,25,—
2026-10-04 17:41 UTC,BMNR,"BitMine Immersion Technologies,",BMNR-USDT-SWAP,26.27,15846757376.0,,27.94681,258.9551,253.4248981125909,0.08424,0.0,False,1.0318,0.27085491374297344,-0.03269414756009703,18.6473,4.2175,,0,—,0,—,25,—,25,—,0.0,25,—,25,—
2026-10-04 17:41 UTC,PURI,Hyperliquid Strategies Inc,PURI-USDT-SWAP,11.89,2352289024.0,3.7040498,32.135136,248.65634,234.07760507399578,95.9509,32.29831,False,0.5102,0.6298537044296355,,4.2891,0.3341,7.675676012779311,46,—,55,WATCH,31,—,24,—,,10,—,25,—
2026-10-04 17:41 UTC,QCOM,QUALCOMM Incorporated,QCOM-USDT-SWAP,184.87,197452333056.0,21.152174,18.117386,4.480527,4.56381461047661,0.18528,0.21013,False,-0.026700001,,0.05186568469208982,-0.0286,0.0475,-0.1434740466866431,11,—,32,—,21,—,20,—,0.0,15,—,25,—
2026-10-04 21:35 UTC,RKLB,Rocket Lab Corporation,RKLB-USDT-SWAP,73.92,47265259520.0,,1369.1425,61.45161,54.686079255404394,-0.24572,-0.21511999,True,0.6811,20.10193070033769,-0.005330842029829185,0.59900004,0.41619998,,0,—,0,—,0,—,100,CORE,0.0,100,CORE,0,—
2026-10-04 21:35 UTC,USAR,"USA Rare Earth, Inc.",USAR-USDT-SWAP,13.59,5097290752.0,,453.0,387.27325,137.37168697766296,-7.95636,0.0,True,1.0526,4.303629108873267,-0.055707340588445994,43.7519,8.7013,,0,—,0,—,0,—,100,CORE,0.0,100,CORE,0,—
2026-10-04 21:35 UTC,CBRS,Cerebras Systems Inc.,CBRS-USDT-SWAP,166.43,39537782784.0,,130.66861,58.086308,48.633199179052525,-2.64968,-0.75271004,True,3.7132,0.35190296779058494,,,2.3273,,0,—,0,—,0,—,88,CORE,0.0,88,CORE,0,—
2026-10-04 21:35 UTC,IONQ,"IonQ, Inc.",IONQ-USDT-SWAP,43.77,17732788224.0,,-33.864605,71.94588,59.3343383561755,-4.08174,0.0,True,0.1815,-1.8658184573002754,-0.004949856215008729,2.5003998,0.7895,,0,—,0,—,0,—,85,CORE,0.0,85,CORE,0,—
2026-10-04 21:35 UTC,APP,Applovin Corporation,APP-USDT-SWAP,268.22,90105700352.0,20.61645,12.784076,13.194327,13.211336249233682,0.77678,0.64575994,False,0.27719998,0.4611860361606087,0.03529139900780336,0.4777,0.2656,-0.37990895619759946,80,CORE,5,—,82,CORE,8,—,0.0,10,—,83,CORE
2026-10-04 21:35 UTC,TSM,Taiwan Semiconductor Manufactur,TSM-USDT-SWAP,472.78,2452061159424.0,35.334827,21.563414,0.5522048,3.875468958448525,0.60344005,0.49923,False,0.2947,0.7317072955548015,0.2980455898953492,0.42900002,0.3465,-0.3897404959701656,81,CORE,5,—,82,CORE,8,—,0.0,10,—,82,CORE
2026-10-04 21:35 UTC,OKTA,"Okta, Inc.",OKTA-USDT-SWAP,211.49,36972879872.0,128.17577,48.30215,12.031527,11.300644306944756,0.13292,0.09632,False,0.1144,4.2222159090909095,0.028064490177455874,0.104499996,0.100200005,-0.623156935199219,67,WATCH,13,—,26,—,60,WATCH,0.0,80,CORE,8,—
2026-10-04 21:35 UTC,ASTS,"AST SpaceMobile, Inc.",ASTS-USDT-SWAP,58.45,22746839040.0,,-45.42699,197.28566,162.46216185743154,-5.44626,0.0,True,0.5177,-0.877477110295538,-0.07911310177363438,1.3808,2.7559,,0,—,0,—,0,—,80,WATCH,0.0,80,WATCH,0,—
2026-10-04 21:35 UTC,NBIS,Nebius Group N.V.,NBIS-USDT-SWAP,242.81,66009169920.0,,-69.5621,48.71166,50.70337051545432,-0.00223,0.03129,True,-1.4777,,-0.14565628350807172,5.2959003,2.688,,0,—,0,—,0,—,80,WATCH,0.0,80,WATCH,0,—
2026-10-04 21:35 UTC,AMAT,"Applied Materials, Inc.",AMAT-USDT-SWAP,540.04,428574343168.0,46.51507,29.255379,13.898056,13.83686358800539,0.33736,0.30052,False,0.4434,0.659796549391069,0.007175826441841996,0.2074,0.348,-0.3710558965083789,91,CORE,0,—,81,CORE,9,—,0.0,13,—,77,WATCH
2026-10-04 21:35 UTC,SNDK,Sandisk Corporation,SNDK-USDT-SWAP,1719.99,251839234048.0,23.309256,6.5278344,12.437734,12.212476151087131,0.78472,0.56465,False,0.2318,0.28161494391716996,0.030657951439482294,1.4175999,0.18280001,-0.7199466855570165,82,CORE,5,—,77,CORE,8,—,0.0,10,—,75,CORE
2026-10-04 21:35 UTC,NVDA,NVIDIA Corporation,NVDA-USDT-SWAP,233.95,5649190617088.0,29.576487,14.905945,18.646038,18.53182103959253,0.66236997,0.63663,False,0.6863,0.21719284569430278,0.007401038091639369,0.90589994,0.66019994,-0.49602043677465824,90,CORE,5,—,80,CORE,14,—,0.0,18,—,75,WATCH
2026-10-04 21:35 UTC,WDC,Western Digital Corporation,WDC-USDT-SWAP,415.29,149729050624.0,15.432553,13.0801935,11.589833,11.559799055358221,0.43608,0.72947,False,0.5803,0.2254039893158711,0.015152370702578563,0.48560002,0.3677,-0.15242840896123933,72,WATCH,5,—,74,WATCH,14,—,0.099879838745322,18,—,75,WATCH
2026-10-04 21:35 UTC,AVGO,Broadcom Inc.,AVGO-USDT-SWAP,355.14,1695307005952.0,45.24077,18.31202,19.026161,19.42394271631035,0.54307,0.42944,False,0.6636,0.2759496684749849,0.01804776323614526,0.65879995,0.64129996,-0.5952319113931969,100,CORE,5,—,82,CORE,21,—,0.0,28,—,75,WATCH
2026-10-04 21:35 UTC,XIAOMI,XIAOMI-W,XIAOMI-USDT-SWAP,24.24,624252485632.0,16.95105,15.754118,1.4249071,1.2457971964505588,0.040120002,0.07533,False,0.39580002,0.3980322689220683,-0.013905772769509363,-0.043899998,0.24120001,-0.07061108308924813,62,WATCH,0,—,68,WATCH,7,—,0.165692226596925,10,—,70,WATCH
2026-10-04 21:35 UTC,HOOD,"Robinhood Markets, Inc.",HOOD-USDT-SWAP,112.74,101362540544.0,50.106667,32.800144,20.552017,20.365681796758828,0.43884,0.42011002,False,0.3384,0.9692713947990546,,0.1752,0.2775,-0.3453936179790206,86,CORE,0,—,75,CORE,4,—,0.0,5,—,70,WATCH
2026-10-04 21:35 UTC,ORCL,Oracle Corporation,ORCL-USDT-SWAP,142.3,431382593536.0,22.304075,12.939669,6.010123,7.9096305188513805,0.35632,0.2636,False,0.3508,0.3688617160775371,-0.10629456787336367,0.3428,0.4562,-0.41985179838213427,95,CORE,0,—,78,CORE,7,—,0.0,10,—,70,WATCH
2026-10-04 21:35 UTC,IREN,IREN LIMITED,IREN-USDT-SWAP,41.76,16455888896.0,,-10.485507,23.275427,26.024953779239656,-1.0247,-0.9938,True,-0.16409999,,-0.2564004476856672,2.9631,1.6088,,0,—,0,—,0,—,68,WATCH,0.073641797303532,68,WATCH,0,—
2026-10-04 21:35 UTC,CRDO,Credo Technology Group Holding ,CRDO-USDT-SWAP,218.64,41093808128.0,76.985916,22.562,25.828188,25.364307223814826,0.25198,0.33833,False,0.5366,0.42046216921356694,0.006042050890650423,0.8741,0.548,-0.7069334084431755,96,CORE,5,—,76,CORE,21,—,0.0,28,—,67,WATCH
2026-10-04 21:35 UTC,AMD,"Advanced Micro Devices, Inc.",AMD-USDT-SWAP,633.91,1034842210304.0,161.30025,40.67883,25.053679,24.839781801861104,0.1725,0.15577,False,1.0567,0.38496101069366895,0.008543814274257986,0.4706,0.7321,-0.7478067764929068,100,CORE,0,—,76,CORE,23,—,0.0,33,—,65,WATCH
2026-10-04 21:35 UTC,MRVL,"Marvell Technology, Inc.",MRVL-USDT-SWAP,272.29,244708294656.0,90.162254,40.343086,25.894234,25.40918118470108,0.16679001,0.27934998,False,0.6027,0.6693725900116143,0.009840491608121126,0.4705,0.5089,-0.5525501614012445,100,CORE,0,—,76,CORE,23,—,0.0,33,—,65,WATCH
2026-10-04 21:35 UTC,ADBE,Adobe Inc.,ADBE-USDT-SWAP,237.69,92508946432.0,13.263951,8.589151,3.5621467,3.6062360772275017,0.34822,0.28048,False,0.1304,0.6586772239263804,0.10101861210655194,0.1195,0.091800004,-0.35244400405278953,65,WATCH,19,—,65,WATCH,27,—,0.0,30,—,65,WATCH
2026-10-04 21:35 UTC,MRNA,"Moderna, Inc.",MRNA-USDT-SWAP,190.01,75858812928.0,,-42.691776,34.04794,32.319484323159784,-5.5793104,-1.41427,True,0.42880002,-0.9956104013241417,0.003944828193976982,0.0808,0.1584,,0,—,0,—,0,—,64,—,0.0,64,—,0,—
2026-10-04 21:35 UTC,ARM,Arm Holdings plc,ARM-USDT-SWAP,307.49,328398864384.0,313.7653,100.659294,63.69257,63.03265122272279,0.07603,0.20247999,False,0.3741,2.690705533279872,0.004063655854910498,0.2289,0.36220002,-0.6791892092592775,85,CORE,5,—,50,—,46,—,0.0,63,—,35,—
2026-10-04 21:35 UTC,TSLA,"Tesla, Inc.",TSLA-USDT-SWAP,370.59,1463662804992.0,346.34576,171.64972,14.125428,13.866952796485739,0.014099999,0.03671,False,0.2313,7.421086035451794,0.0033040395147750116,0.1234,0.1362,-0.5043978017805097,55,WATCH,5,—,32,—,46,—,0.0,63,WATCH,22,—
2026-10-04 21:35 UTC,MU,"Micron Technology, Inc.",MU-USDT-SWAP,1074.89,1213973397504.0,14.451332,5.219066,9.114736,8.832407273060081,0.80678004,0.63796,False,0.1674,0.31177216248506573,0.02406498451124728,1.0626999,0.1435,-0.6388522525120868,75,CORE,13,—,66,WATCH,30,—,0.0,38,—,62,WATCH
2026-10-04 21:35 UTC,GLW,Corning Incorporated,GLW-USDT-SWAP,164.19,141431357440.0,75.66359,37.707382,8.337147,8.77583997398108,0.15649,0.111999996,False,0.3266,1.1545432333129213,0.0051933318133611205,0.1749,0.1894,-0.5016442915278008,92,CORE,0,—,70,WATCH,9,—,0.0,13,—,60,WATCH
2026-10-04 21:35 UTC,MSFT,Microsoft Corporation,MSFT-USDT-SWAP,517.53,3842942959616.0,28.815704,21.885357,11.580745,11.737355562000422,0.45111,0.40305,False,0.1974,1.108680699088146,0.00430542434115475,0.1784,0.195,-0.2405059060850986,68,WATCH,3,—,62,WATCH,17,—,0.0,23,—,59,WATCH
2026-10-04 21:35 UTC,LITE,Lumentum Holdings Inc.,LITE-USDT-SWAP,1085.42,97362173952.0,,31.164467,32.303307,31.949228084438886,0.27954,-2.3009598,True,0.6018,0.5178542206713194,0.0023078778018122124,1.0986,0.542,,0,—,0,—,0,—,59,—,0.0,59,—,0,—
2026-10-04 21:35 UTC,DELL,Dell Technologies Inc.,DELL-USDT-SWAP,562.52,357657378816.0,32.68565,19.319212,2.3655057,2.5223474272113933,0.12020001,0.07525,False,0.0083,23.27615903614458,0.01686914793138917,0.70379996,0.16540001,-0.40893902981889607,65,WATCH,20,—,37,—,47,—,0.0,58,—,25,—
2026-10-04 21:35 UTC,KO,Coca-Cola Company (The),KO-USDT-SWAP,85.65,368513318912.0,25.720722,24.288294,7.3513002,7.950854208329844,0.34873,0.28558,False,0.0681,3.566562995594714,0.014161631843885197,0.0345,0.0025,-0.05569159372742327,22,—,32,—,12,—,50,—,0.0,58,—,7,—
2026-10-04 21:35 UTC,AAPL,Apple Inc.,AAPL-USDT-SWAP,333.69,4869931925504.0,38.31114,34.821583,10.432074,10.479083456505606,0.32623002,0.27618998,False,0.0857,4.063195215869311,0.022119790811008438,0.14819999,0.104899995,-0.0910846557946332,26,—,20,—,11,—,47,—,0.0,58,—,5,—
2026-10-04 21:35 UTC,BE,Bloom Energy Corporation,BE-USDT-SWAP,289.15,85162582016.0,370.70514,58.507515,27.35576,27.396501956870726,0.17106001,0.07868,False,0.8257,0.7085807799442897,0.006242618429536555,1.0335,0.65,-0.8421723664257799,90,CORE,10,—,66,WATCH,37,—,0.0,48,—,55,WATCH
2026-10-04 21:35 UTC,COHR,Coherent Corp.,COHR-USDT-SWAP,337.04,66003300352.0,82.00487,23.996212,9.272495,9.539045841249363,0.118269995,0.11309,False,0.491,0.48872122199592666,-0.009847714107228043,0.49330002,0.3884,-0.7073806470274265,91,CORE,5,—,64,WATCH,26,—,0.0,35,—,52,—
2026-10-04 21:35 UTC,SMCI,"Super Micro Computer, Inc.",SMCI-USDT-SWAP,43.69,28702816256.0,13.40184,8.203278,0.7347813,0.8868872565596118,0.13382,0.0571,False,0.22780001,0.36010876382314466,-0.2873858717705335,0.71849996,0.1733,-0.38789912429935003,72,WATCH,5,—,58,WATCH,19,—,0.0,25,—,52,—
2026-10-04 21:35 UTC,PLTR,Palantir Technologies Inc.,PLTR-USDT-SWAP,188.75,453577277440.0,161.3248,80.51924,73.68123,72.2050934009752,0.47120997,0.49005002,False,0.44689998,1.8017284314937765,0.004760169037095581,0.83559996,0.4967,-0.5008874023088825,75,CORE,10,—,46,—,37,—,0.0,48,—,33,—
2026-10-04 21:35 UTC,INTC,Intel Corporation,INTC-USDT-SWAP,119.33,630790946816.0,,57.86876,11.060299,11.192164683447684,0.12189999,-0.19794,True,0.35639998,1.623702672486121,0.007714719421012091,0.1934,0.1416,,0,—,0,—,5,—,48,—,0.0,48,—,5,—
2026-10-04 21:35 UTC,SKHYNIX,SK hynix,SKHYNIX-USDT-SWAP,1841000.0,1309090059911168.0,,3.9148088,6.9201555,6.568328510612484,0.76328003,0.85619,True,0.3309,0.11830791175581745,0.04260065906213382,2.5530999,0.5414,,0,—,0,—,45,—,5,—,0.0,5,—,45,—
2026-10-04 21:35 UTC,SKHY,SK hynix,SKHY-USDT-SWAP,1841000.0,1309090059911168.0,,3.9148088,6.9201555,6.568328510612484,0.76328003,0.85619,True,0.3309,0.11830791175581745,0.04260065906213382,2.5530999,0.5414,,0,—,0,—,45,—,5,—,0.0,5,—,45,—
2026-10-04 21:35 UTC,AXT,AXT Inc,AXT-USDT-SWAP,85.87,5630771712.0,2862.3335,38.164444,44.86349,41.94891725692978,0.21902001,0.0323,False,1.5922,0.23969629443537246,-0.00788826155131469,1.4678999,1.1135,-0.9866666675983075,92,CORE,5,—,59,WATCH,26,—,,35,—,45,—
2026-10-04 21:35 UTC,AAOI,"Applied Optoelectronics, Inc.",AAOI-USDT-SWAP,115.59,9814317056.0,,25.117338,16.467804,16.067522111986097,-0.12884,-0.09568,True,5.7676,0.043549029058880646,-0.09038327444880134,1.2787,1.5647999,,0,—,0,—,0,—,45,—,0.0,45,—,0,—
2026-10-04 21:35 UTC,CRCL,"Circle Internet Group, Inc.",CRCL-USDT-SWAP,81.25,20627415040.0,16.282566,54.194847,7.0995865,6.510077783165252,0.04899,0.15531999,False,0.2935,1.8465024531516185,0.009997829374164761,0.0941,0.23709999,2.328397194889307,40,—,50,WATCH,42,—,31,—,0.0,23,—,43,—
2026-10-04 21:35 UTC,COIN,"Coinbase Global, Inc.",COIN-USDT-SWAP,183.0,48282157056.0,,64.659744,7.988771,7.637903950329565,-0.13922,-0.16344,True,2.4502,0.26389577993633173,0.05526788831959182,-0.2574,0.2927,,0,—,0,—,20,—,40,—,0.0,40,—,20,—
2026-10-04 21:35 UTC,SOFTBANK,SOFTBANK GROUP CORP,SOFTBANK-USDT-SWAP,6310.0,35961002000384.0,7.230683,21.368824,4.4963055,7.846566690160936,-0.115509994,0.61613,True,-0.39720002,,-0.060768687722123675,3.1319,0.0717,1.9552981371192737,0,—,86,CORE,0,—,54,—,0.0,40,—,0,—
2026-10-04 21:35 UTC,CRWV,"CoreWeave, Inc.",CRWV-USDT-SWAP,89.62,49428709376.0,,-49.556526,6.5123463,12.58270240071332,-0.01903,-0.25402,True,0.154,-3.2179562337662335,-0.1838732092894369,1.5082,1.0407,,0,—,0,—,0,—,40,—,0.0,40,—,0,—
2026-10-04 21:35 UTC,SAMSUNG,SamsungElec,SAMSUNG-USDT-SWAP,276000.0,1812371509084160.0,,3.9094155,3.7347536,3.418754529901812,0.52182,0.30842,True,0.4773,0.08190688246385922,0.03837558976673712,1.168,0.3417,,0,—,0,—,38,—,10,—,0.113614039669692,10,—,38,—
2026-10-04 21:35 UTC,META,"Meta Platforms, Inc.",META-USDT-SWAP,728.08,1854788337664.0,27.402334,20.858347,8.126233,8.22287414531999,0.34827,0.29834998,False,0.093,2.2428330107526877,0.011620530844584434,0.2647,0.2061,-0.23881129979657945,51,WATCH,20,—,27,—,33,—,0.0,38,—,17,—
2026-10-04 21:35 UTC,GOOGL,Alphabet Inc.,GOOGL-USDT-SWAP,343.5,4200982642688.0,17.243977,22.791302,9.422074,9.189633674463042,0.34033,0.54771,False,-0.2755,,0.0053951665331085,0.2378,0.2334,0.32169638129301603,0,—,70,CORE,1,—,48,—,0.0,38,—,2,—
2026-10-04 21:35 UTC,AMZN,"Amazon.com, Inc.",AMZN-USDT-SWAP,251.52,2712973606912.0,20.234915,24.009829,3.4975421,3.6633926267609715,0.13689,0.1744,False,-0.1838,,0.0011865670140684189,0.15529999,0.1444,0.18655447774304945,0,—,52,WATCH,0,—,42,—,0.0,38,—,0,—
2026-10-04 21:35 UTC,FLNC,"Fluence Energy, Inc.",FLNC-USDT-SWAP,7.61,1481383808.0,,-28.572504,0.56286484,0.4640535841899774,-0.08851,-0.03073,True,0.7014,-0.40736390076988876,0.0016328482780338315,0.062,0.35349998,,0,—,0,—,5,—,28,—,0.0,28,—,5,—
2026-10-04 21:35 UTC,MSTR,Strategy Inc,MSTR-USDT-SWAP,160.01,63804116992.0,,3.2331781,128.03151,161.01963765778243,-68.081116,0.0,False,1.5753999,0.02052290405756659,-0.3540135674134023,0.0513,0.0222,,0,—,0,—,25,—,25,—,0.0,25,—,25,—
2026-10-04 21:35 UTC,BMNR,"BitMine Immersion Technologies,",BMNR-USDT-SWAP,26.27,15846757376.0,,27.94681,258.9551,253.4248981125909,0.08424,0.0,False,1.0318,0.27085491374297344,-0.03269414756009703,18.6473,4.2175,,0,—,0,—,25,—,25,—,0.0,25,—,25,—
2026-10-04 21:35 UTC,PURI,Hyperliquid Strategies Inc,PURI-USDT-SWAP,11.89,2828860416.0,3.7040498,32.135136,299.03387,234.07760507399578,95.9509,32.29831,False,0.5102,0.6298537044296355,,4.2891,0.3341,7.675676012779311,46,—,55,WATCH,31,—,24,—,,10,—,25,—
2026-10-04 21:35 UTC,QCOM,QUALCOMM Incorporated,QCOM-USDT-SWAP,184.87,197452333056.0,21.152174,18.117386,4.480527,4.56381461047661,0.18528,0.21013,False,-0.026700001,,0.05186568469208982,-0.0286,0.0475,-0.1434740466866431,11,—,32,—,21,—,20,—,0.0,15,—,25,—
2026-10-05 01:01 UTC,RKLB,Rocket Lab Corporation,RKLB-USDT-SWAP,73.92,47265259520.0,,1369.1425,61.45161,54.686079255404394,-0.24572,-0.21511999,True,0.6811,20.10193070033769,-0.005330842029829185,0.59900004,0.41619998,,0,—,0,—,0,—,100,CORE,0.1486486602970275,100,CORE,0,—
2026-10-05 01:01 UTC,USAR,"USA Rare Earth, Inc.",USAR-USDT-SWAP,13.59,5097290752.0,,453.0,387.27325,137.37168697766296,-7.95636,0.0,True,1.0526,4.303629108873267,-0.055707340588445994,43.7519,8.7013,,0,—,0,—,0,—,100,CORE,0.252957434208552,100,CORE,0,—
2026-10-05 01:01 UTC,CBRS,Cerebras Systems Inc.,CBRS-USDT-SWAP,166.43,39537782784.0,,130.66861,58.086308,48.633199179052525,-2.64968,-0.75271004,True,3.7132,0.35190296779058494,,,2.3273,,0,—,0,—,0,—,88,CORE,0.0,88,CORE,0,—
2026-10-05 01:01 UTC,IONQ,"IonQ, Inc.",IONQ-USDT-SWAP,43.77,17732788224.0,,-33.864605,71.94588,59.3343383561755,-4.08174,0.0,True,0.1815,-1.8658184573002754,-0.004949856215008729,2.5003998,0.7895,,0,—,0,—,0,—,85,CORE,0.0,85,CORE,0,—
2026-10-05 01:01 UTC,APP,Applovin Corporation,APP-USDT-SWAP,268.22,90105700352.0,20.61645,12.784076,13.194327,13.211336249233682,0.77678,0.64575994,False,0.27719998,0.4611860361606087,0.03529139900780336,0.4777,0.2656,-0.37990895619759946,80,CORE,5,—,82,CORE,8,—,0.0,10,—,83,CORE
2026-10-05 01:01 UTC,NBIS,Nebius Group N.V.,NBIS-USDT-SWAP,242.81,66009169920.0,189.69531,-69.5621,48.71166,50.70337051545432,-0.00223,0.03129,True,-1.4777,,-0.14565628350807172,5.2959003,2.688,,0,—,0,—,0,—,83,WATCH,0.309093159010023,83,WATCH,0,—
2026-10-05 01:01 UTC,TSM,Taiwan Semiconductor Manufactur,TSM-USDT-SWAP,472.78,2452061159424.0,34.359013,21.563414,0.5522048,3.875468958448525,0.60344005,0.49923,False,0.2947,0.7317072955548015,0.2980455898953492,0.42900002,0.3465,-0.3724088058059175,81,CORE,5,—,82,CORE,8,—,0.0,10,—,82,CORE
2026-10-05 01:01 UTC,OKTA,"Okta, Inc.",OKTA-USDT-SWAP,211.49,36972879872.0,127.40362,48.30215,12.031527,11.300644306944756,0.13292,0.09632,False,0.1144,4.2222159090909095,0.028064490177455874,0.104499996,0.100200005,-0.6208730175798773,67,WATCH,13,—,26,—,60,WATCH,0.0,80,CORE,8,—
2026-10-05 01:01 UTC,ASTS,"AST SpaceMobile, Inc.",ASTS-USDT-SWAP,58.45,22746839040.0,,-45.42699,197.28566,162.46216185743154,-5.44626,0.0,True,0.5177,-0.877477110295538,-0.07911310177363438,1.3808,2.7559,,0,—,0,—,0,—,80,WATCH,0.0,80,WATCH,0,—
2026-10-05 01:01 UTC,AMAT,"Applied Materials, Inc.",AMAT-USDT-SWAP,540.04,428574343168.0,46.51507,29.255379,13.898056,13.83686358800539,0.33736,0.30052,False,0.4434,0.659796549391069,0.007175826441841996,0.2074,0.348,-0.3710558965083789,91,CORE,0,—,81,CORE,9,—,0.0,13,—,77,WATCH
2026-10-05 01:01 UTC,SNDK,Sandisk Corporation,SNDK-USDT-SWAP,1719.99,251839234048.0,23.318735,6.5278344,12.437734,12.212476151087131,0.78472,0.56465,False,0.2318,0.28161494391716996,0.030657951439482294,1.4175999,0.18280001,-0.720060526439363,82,CORE,5,—,77,CORE,8,—,0.330517888897326,10,—,75,CORE
2026-10-05 01:01 UTC,NVDA,NVIDIA Corporation,NVDA-USDT-SWAP,233.95,5649190617088.0,29.576487,14.905945,18.646038,18.53182103959253,0.66236997,0.63663,False,0.6863,0.21719284569430278,0.007401038091639369,0.90589994,0.66019994,-0.49602043677465824,90,CORE,5,—,80,CORE,14,—,0.0,18,—,75,WATCH
2026-10-05 01:01 UTC,WDC,Western Digital Corporation,WDC-USDT-SWAP,415.29,149729050624.0,15.426821,13.0801935,11.589833,11.559799055358221,0.43608,0.72947,False,0.5803,0.2254039893158711,0.015152370702578563,0.48560002,0.3677,-0.15211348469007324,72,WATCH,5,—,74,WATCH,14,—,0.10265113090774049,18,—,75,WATCH
2026-10-05 01:01 UTC,AVGO,Broadcom Inc.,AVGO-USDT-SWAP,355.14,1695307005952.0,45.356323,18.31202,19.026161,19.42394271631035,0.54307,0.42944,False,0.6636,0.2759496684749849,0.01804776323614526,0.65879995,0.64129996,-0.5962631274144512,100,CORE,5,—,82,CORE,21,—,0.0,28,—,75,WATCH
2026-10-05 01:01 UTC,XIAOMI,XIAOMI-W,XIAOMI-USDT-SWAP,24.24,624252485632.0,17.823528,15.754736,1.4249071,1.2457971964505588,0.040120002,0.07533,False,0.39580002,0.39804788286771686,-0.013905772769509363,-0.043899998,0.24120001,-0.11607084747755891,72,WATCH,0,—,71,WATCH,7,—,0.079131979946754,10,—,70,WATCH
2026-10-05 01:01 UTC,HOOD,"Robinhood Markets, Inc.",HOOD-USDT-SWAP,112.74,101362540544.0,49.6652,32.800144,20.552017,20.365681796758828,0.43884,0.42011002,False,0.3384,0.9692713947990546,,0.1752,0.2775,-0.3395749136216102,86,CORE,0,—,75,CORE,4,—,0.34961193469561946,5,—,70,WATCH
2026-10-05 01:01 UTC,ORCL,Oracle Corporation,ORCL-USDT-SWAP,142.3,431382593536.0,22.304075,12.939669,6.010123,7.9096305188513805,0.35632,0.2636,False,0.3508,0.3688617160775371,-0.10629456787336367,0.3428,0.4562,-0.41985179838213427,95,CORE,0,—,78,CORE,7,—,0.0,10,—,70,WATCH
2026-10-05 01:01 UTC,IREN,IREN LIMITED,IREN-USDT-SWAP,41.76,16455888896.0,,-10.485507,23.275427,26.024953779239656,-1.0247,-0.9938,True,-0.16409999,,-0.2564004476856672,2.9631,1.6088,,0,—,0,—,0,—,68,WATCH,0.5919762270998535,68,WATCH,0,—
2026-10-05 01:01 UTC,CRDO,Credo Technology Group Holding ,CRDO-USDT-SWAP,218.64,41093808128.0,77.53191,22.562,25.828188,25.364307223814826,0.25198,0.33833,False,0.5366,0.42046216921356694,0.006042050890650423,0.8741,0.548,-0.7089972373955447,96,CORE,5,—,76,CORE,21,—,0.0,28,—,67,WATCH
2026-10-05 01:01 UTC,AMD,"Advanced Micro Devices, Inc.",AMD-USDT-SWAP,633.91,1034842210304.0,161.71173,40.67883,25.053679,24.839781801861104,0.1725,0.15577,False,1.0567,0.38496101069366895,0.008543814274257986,0.4706,0.7321,-0.7484484891726778,100,CORE,0,—,76,CORE,23,—,0.0,33,—,65,WATCH
2026-10-05 01:01 UTC,MRVL,"Marvell Technology, Inc.",MRVL-USDT-SWAP,272.29,244708294656.0,89.569084,40.343086,25.894234,25.40918118470108,0.16679001,0.27934998,False,0.6027,0.6693725900116143,0.009840491608121126,0.4705,0.5089,-0.5495869311335149,100,CORE,0,—,76,CORE,23,—,0.14365656061785148,33,—,65,WATCH
2026-10-05 01:01 UTC,ADBE,Adobe Inc.,ADBE-USDT-SWAP,237.69,92508946432.0,13.263951,8.589151,3.5621467,3.6062360772275017,0.34822,0.28048,False,0.1304,0.6586772239263804,0.10101861210655194,0.1195,0.091800004,-0.35244400405278953,65,WATCH,19,—,65,WATCH,27,—,0.0,30,—,65,WATCH
2026-10-05 01:01 UTC,MRNA,"Moderna, Inc.",MRNA-USDT-SWAP,190.01,75858812928.0,,-42.691776,34.04794,32.319484323159784,-5.5793104,-1.41427,True,0.42880002,-0.9956104013241417,0.003944828193976982,0.0808,0.1584,,0,—,0,—,0,—,64,—,0.0,64,—,0,—
2026-10-05 01:01 UTC,ARM,Arm Holdings plc,ARM-USDT-SWAP,307.49,328398864384.0,316.99997,100.659294,63.69257,63.03265122272279,0.07603,0.20247999,False,0.3741,2.690705533279872,0.004063655854910498,0.2289,0.36220002,-0.6824627649018389,85,CORE,5,—,50,—,46,—,0.0,63,—,35,—
2026-10-05 01:01 UTC,TSLA,"Tesla, Inc.",TSLA-USDT-SWAP,370.59,1463662804992.0,343.1389,171.64972,14.125428,13.866952796485739,0.014099999,0.03671,False,0.2313,7.421086035451794,0.0033040395147750116,0.1234,0.1362,-0.4997660714072347,45,—,5,—,29,—,46,—,0.0,63,WATCH,22,—
2026-10-05 01:01 UTC,MU,"Micron Technology, Inc.",MU-USDT-SWAP,1074.89,1213973397504.0,14.461052,5.219066,9.114736,8.832407273060081,0.80678004,0.63796,False,0.1674,0.31177216248506573,0.02406498451124728,1.0626999,0.1435,-0.6390949980679137,75,CORE,13,—,66,WATCH,30,—,0.5038083969879945,38,—,62,WATCH
2026-10-05 01:01 UTC,GLW,Corning Incorporated,GLW-USDT-SWAP,164.19,141431357440.0,75.31651,37.707382,8.337147,8.77583997398108,0.15649,0.111999996,False,0.3266,1.1545432333129213,0.0051933318133611205,0.1749,0.1894,-0.49934772601651345,82,CORE,0,—,67,WATCH,9,—,0.0,13,—,60,WATCH
2026-10-05 01:01 UTC,MSFT,Microsoft Corporation,MSFT-USDT-SWAP,517.53,3842942959616.0,28.831755,21.885357,11.580745,11.737355562000422,0.45111,0.40305,False,0.1974,1.108680699088146,0.00430542434115475,0.1784,0.195,-0.24092872598286164,68,WATCH,3,—,62,WATCH,17,—,0.0,23,—,59,WATCH
2026-10-05 01:01 UTC,LITE,Lumentum Holdings Inc.,LITE-USDT-SWAP,1085.42,97362173952.0,,31.164467,32.303307,31.949228084438886,0.27954,-2.3009598,True,0.6018,0.5178542206713194,0.0023078778018122124,1.0986,0.542,,0,—,0,—,0,—,59,—,0.0,59,—,0,—
2026-10-05 01:01 UTC,DELL,Dell Technologies Inc.,DELL-USDT-SWAP,562.52,357657378816.0,32.70465,19.319212,2.3655057,2.5223474272113933,0.12020001,0.07525,False,0.0083,23.27615903614458,0.01686914793138917,0.70379996,0.16540001,-0.4092824109109867,65,WATCH,20,—,37,—,47,—,0.21390215925237302,58,—,25,—
2026-10-05 01:01 UTC,KO,Coca-Cola Company (The),KO-USDT-SWAP,85.65,368513318912.0,25.720722,24.288294,7.3513002,7.950854208329844,0.34873,0.28558,False,0.0681,3.566562995594714,0.014161631843885197,0.0345,0.0025,-0.05569159372742327,22,—,32,—,12,—,50,—,0.0,58,—,7,—
2026-10-05 01:01 UTC,AAPL,Apple Inc.,AAPL-USDT-SWAP,333.69,4869931925504.0,38.2672,34.821583,10.432074,10.479083456505606,0.32623002,0.27618998,False,0.0857,4.063195215869311,0.022119790811008438,0.14819999,0.104899995,-0.09004100117071556,26,—,20,—,11,—,47,—,0.0,58,—,5,—
2026-10-05 01:01 UTC,BE,Bloom Energy Corporation,BE-USDT-SWAP,289.15,85162582016.0,380.4605,58.507515,27.35576,27.396501956870726,0.17106001,0.07868,False,0.8257,0.7085807799442897,0.006242618429536555,1.0335,0.65,-0.8462192132954669,90,CORE,10,—,66,WATCH,37,—,0.0,48,—,55,WATCH
2026-10-05 01:01 UTC,COHR,Coherent Corp.,COHR-USDT-SWAP,337.04,66003300352.0,81.80583,23.996212,9.272495,9.539045841249363,0.118269995,0.11309,False,0.491,0.48872122199592666,-0.009847714107228043,0.49330002,0.3884,-0.7066686811930152,91,CORE,5,—,64,WATCH,26,—,0.0,35,—,52,—
2026-10-05 01:01 UTC,SMCI,"Super Micro Computer, Inc.",SMCI-USDT-SWAP,43.69,28702816256.0,13.40184,8.203278,0.7347813,0.8868872565596118,0.13382,0.0571,False,0.22780001,0.36010876382314466,-0.2873858717705335,0.71849996,0.1733,-0.38789912429935003,72,WATCH,5,—,58,WATCH,19,—,0.0,25,—,52,—
2026-10-05 01:01 UTC,PLTR,Palantir Technologies Inc.,PLTR-USDT-SWAP,188.75,453577277440.0,161.3248,80.51924,73.68123,72.2050934009752,0.47120997,0.49005002,False,0.44689998,1.8017284314937765,0.004760169037095581,0.83559996,0.4967,-0.5008874023088825,75,CORE,10,—,46,—,37,—,0.0,48,—,33,—
2026-10-05 01:01 UTC,INTC,Intel Corporation,INTC-USDT-SWAP,119.33,630790946816.0,,57.86876,11.060299,11.192164683447684,0.12189999,-0.19794,True,0.35639998,1.623702672486121,0.007714719421012091,0.1934,0.1416,,0,—,0,—,5,—,48,—,0.0,48,—,5,—
2026-10-05 01:01 UTC,SKHYNIX,SK hynix,SKHYNIX-USDT-SWAP,1841000.0,1309090059911168.0,,3.9148088,6.9201555,6.568328510612484,0.76328003,0.85619,True,0.3309,0.11830791175581745,0.04260065906213382,2.5530999,0.5414,,0,—,0,—,45,—,5,—,0.09966603171099,5,—,45,—
2026-10-05 01:01 UTC,SKHY,SK hynix,SKHY-USDT-SWAP,1841000.0,1309090059911168.0,,3.9148088,6.9201555,6.568328510612484,0.76328003,0.85619,True,0.3309,0.11830791175581745,0.04260065906213382,2.5530999,0.5414,,0,—,0,—,45,—,5,—,0.0,5,—,45,—
2026-10-05 01:01 UTC,AXT,AXT Inc,AXT-USDT-SWAP,85.87,5630771712.0,2146.75,38.164444,44.86349,41.94891725692978,0.21902001,0.0323,False,1.5922,0.23969629443537246,-0.00788826155131469,1.4678999,1.1135,-0.9822222224292535,92,CORE,5,—,59,WATCH,26,—,,35,—,45,—
2026-10-05 01:01 UTC,AAOI,"Applied Optoelectronics, Inc.",AAOI-USDT-SWAP,115.59,9814317056.0,,25.117338,16.467804,16.067522111986097,-0.12884,-0.09568,True,5.7676,0.043549029058880646,-0.09038327444880134,1.2787,1.5647999,,0,—,0,—,0,—,45,—,0.0,45,—,0,—
2026-10-05 01:01 UTC,CRCL,"Circle Internet Group, Inc.",CRCL-USDT-SWAP,81.25,20627415040.0,55.650684,54.194847,7.0995865,6.510077783165252,0.04899,0.15531999,False,0.2935,1.8465024531516185,0.009997829374164761,0.0941,0.23709999,-0.02616027145326727,52,WATCH,0,—,46,—,23,—,0.218952571958181,33,—,43,—
2026-10-05 01:01 UTC,COIN,"Coinbase Global, Inc.",COIN-USDT-SWAP,183.0,48282157056.0,,64.659744,7.988771,7.637903950329565,-0.13922,-0.16344,True,2.4502,0.26389577993633173,0.05526788831959182,-0.2574,0.2927,,0,—,0,—,20,—,40,—,0.17857847544774152,40,—,20,—
2026-10-05 01:01 UTC,SOFTBANK,SOFTBANK GROUP CORP,SOFTBANK-USDT-SWAP,6501.0,37049520357376.0,7.451259,22.015644,4.6324058,7.846566690160936,-0.115509994,0.61613,True,-0.39720002,,-0.058983298019968544,3.1319,0.0717,1.9546206889332396,0,—,86,CORE,0,—,54,—,0.0,40,—,0,—
2026-10-05 01:01 UTC,CRWV,"CoreWeave, Inc.",CRWV-USDT-SWAP,89.62,49428709376.0,,-49.556526,6.5123463,12.58270240071332,-0.01903,-0.25402,True,0.154,-3.2179562337662335,-0.1838732092894369,1.5082,1.0407,,0,—,0,—,0,—,40,—,0.0,40,—,0,—
2026-10-05 01:01 UTC,SAMSUNG,SamsungElec,SAMSUNG-USDT-SWAP,276000.0,1812371509084160.0,,3.9094155,3.7347536,3.418754529901812,0.52182,0.30842,True,0.4773,0.08190688246385922,0.03837558976673712,1.168,0.3417,,0,—,0,—,38,—,10,—,0.5830979593664161,10,—,38,—
2026-10-05 01:01 UTC,META,"Meta Platforms, Inc.",META-USDT-SWAP,728.08,1854788337664.0,27.433308,20.858347,8.126233,8.22287414531999,0.34827,0.29834998,False,0.093,2.2428330107526877,0.011620530844584434,0.2647,0.2061,-0.23967073165219455,51,WATCH,20,—,27,—,33,—,0.0,38,—,17,—
2026-10-05 01:01 UTC,GOOGL,Alphabet Inc.,GOOGL-USDT-SWAP,343.5,4200982642688.0,17.235323,22.791302,9.422074,9.189633674463042,0.34033,0.54771,False,-0.2755,,0.0053951665331085,0.2378,0.2334,0.32236001611342013,0,—,70,CORE,1,—,48,—,0.0,38,—,2,—
2026-10-05 01:01 UTC,AMZN,"Amazon.com, Inc.",AMZN-USDT-SWAP,251.52,2712973606912.0,20.234915,24.009829,3.4975421,3.6633926267609715,0.13689,0.1744,False,-0.1838,,0.0011865670140684189,0.15529999,0.1444,0.18655447774304945,0,—,52,WATCH,0,—,42,—,0.0,38,—,0,—
2026-10-05 01:01 UTC,FLNC,"Fluence Energy, Inc.",FLNC-USDT-SWAP,7.61,1481383808.0,,-28.572504,0.56286484,0.4640535841899774,-0.08851,-0.03073,True,0.7014,-0.40736390076988876,0.0016328482780338315,0.062,0.35349998,,0,—,0,—,5,—,28,—,0.0,28,—,5,—
2026-10-05 01:01 UTC,BMNR,"BitMine Immersion Technologies,",BMNR-USDT-SWAP,26.27,15846757376.0,,27.94681,258.9551,253.4248981125909,0.08424,0.0,False,1.0318,0.27085491374297344,-0.03269414756009703,18.6473,4.2175,,0,—,0,—,25,—,25,—,0.146254402379373,25,—,25,—
2026-10-05 01:01 UTC,MSTR,Strategy Inc,MSTR-USDT-SWAP,160.01,63804116992.0,,3.2331781,128.03151,161.01963765778243,-68.081116,0.0,False,1.5753999,0.02052290405756659,-0.3540135674134023,0.0513,0.0222,,0,—,0,—,25,—,25,—,0.414007912748106,25,—,25,—
2026-10-05 01:01 UTC,PURI,Hyperliquid Strategies Inc,PURI-USDT-SWAP,11.89,2828860416.0,3.7040498,32.135136,299.03387,234.07760507399578,95.9509,32.29831,False,0.5102,0.6298537044296355,,4.2891,0.3341,7.675676012779311,46,—,55,WATCH,31,—,24,—,,10,—,25,—
2026-10-05 01:01 UTC,QCOM,QUALCOMM Incorporated,QCOM-USDT-SWAP,184.87,197452333056.0,21.39699,18.117386,4.480527,4.56381461047661,0.18528,0.21013,False,-0.026700001,,0.05186568469208982,-0.0286,0.0475,-0.15327408200873105,11,—,32,—,21,—,20,—,0.717624339626685,15,—,25,—
2026-10-05 07:09 UTC,RKLB,Rocket Lab Corporation,RKLB-USDT-SWAP,73.92,47265259520.0,,1369.1425,61.45161,54.686079255404394,-0.24572,-0.21511999,True,0.6811,20.10193070033769,-0.005330842029829185,0.59900004,0.41619998,,0,—,0,—,0,—,100,CORE,0.0,100,CORE,0,—
2026-10-05 07:09 UTC,USAR,"USA Rare Earth, Inc.",USAR-USDT-SWAP,13.59,5097290752.0,,453.0,387.27325,137.37168697766296,-7.95636,0.0,True,1.0526,4.303629108873267,-0.055707340588445994,43.7519,8.7013,,0,—,0,—,0,—,100,CORE,0.4667567436905895,100,CORE,0,—
2026-10-05 07:09 UTC,CBRS,Cerebras Systems Inc.,CBRS-USDT-SWAP,166.43,39537782784.0,,128.31424,58.086308,48.633199179052525,-2.64968,-0.75271004,True,3.7132,0.34556242593989017,,,2.3273,,0,—,0,—,0,—,88,CORE,0.678274106235057,88,CORE,0,—
2026-10-05 07:09 UTC,IONQ,"IonQ, Inc.",IONQ-USDT-SWAP,43.77,17732788224.0,,-33.864605,71.94588,59.3343383561755,-4.08174,0.0,True,0.1815,-1.8658184573002754,-0.004949856215008729,2.5003998,0.7895,,0,—,0,—,0,—,85,CORE,0.0,85,CORE,0,—
2026-10-05 07:09 UTC,APP,Applovin Corporation,APP-USDT-SWAP,268.22,90105700352.0,20.61645,12.784076,13.194327,13.211336249233682,0.77678,0.64575994,False,0.27719998,0.4611860361606087,0.03529139900780336,0.4777,0.2656,-0.37990895619759946,80,CORE,5,—,82,CORE,8,—,0.3928282937887515,10,—,83,CORE
2026-10-05 07:09 UTC,NBIS,Nebius Group N.V.,NBIS-USDT-SWAP,242.81,66009169920.0,189.69531,-69.5621,48.71166,50.70337051545432,-0.00223,0.03129,True,-1.4777,,-0.14565628350807172,5.2959003,2.688,,0,—,0,—,0,—,83,WATCH,0.0,83,WATCH,0,—
2026-10-05 07:09 UTC,TSM,Taiwan Semiconductor Manufactur,TSM-USDT-SWAP,472.78,2452061159424.0,34.359013,21.563414,0.5522048,3.875468958448525,0.60344005,0.49923,False,0.2947,0.7317072955548015,0.2980455898953492,0.42900002,0.3465,-0.3724088058059175,81,CORE,5,—,82,CORE,8,—,0.0,10,—,82,CORE
2026-10-05 07:09 UTC,OKTA,"Okta, Inc.",OKTA-USDT-SWAP,211.49,36972879872.0,127.40362,48.30215,12.031527,11.300644306944756,0.13292,0.09632,False,0.1144,4.2222159090909095,0.028064490177455874,0.104499996,0.100200005,-0.6208730175798773,67,WATCH,13,—,26,—,60,WATCH,0.0,80,CORE,8,—
2026-10-05 07:09 UTC,ASTS,"AST SpaceMobile, Inc.",ASTS-USDT-SWAP,58.45,22746839040.0,,-45.42699,197.28566,162.46216185743154,-5.44626,0.0,True,0.5177,-0.877477110295538,-0.07911310177363438,1.3808,2.7559,,0,—,0,—,0,—,80,WATCH,0.0,80,WATCH,0,—
2026-10-05 07:09 UTC,AMAT,"Applied Materials, Inc.",AMAT-USDT-SWAP,540.04,428574343168.0,46.595337,29.255379,13.898056,13.83686358800539,0.33736,0.30052,False,0.4434,0.659796549391069,0.007175826441841996,0.2074,0.348,-0.37213934089584966,91,CORE,0,—,81,CORE,9,—,0.0,13,—,77,WATCH
2026-10-05 07:09 UTC,SNDK,Sandisk Corporation,SNDK-USDT-SWAP,1719.99,251839234048.0,23.318735,6.5278344,12.437734,12.212476151087131,0.78472,0.56465,False,0.2318,0.28161494391716996,0.030657951439482294,1.4175999,0.18280001,-0.720060526439363,82,CORE,5,—,77,CORE,8,—,0.20979853344188248,10,—,75,CORE
2026-10-05 07:09 UTC,NVDA,NVIDIA Corporation,NVDA-USDT-SWAP,233.95,5649190617088.0,29.576487,14.905945,18.646038,18.53182103959253,0.66236997,0.63663,False,0.6863,0.21719284569430278,0.007401038091639369,0.90589994,0.66019994,-0.49602043677465824,90,CORE,5,—,80,CORE,14,—,0.0,18,—,75,WATCH
2026-10-05 07:09 UTC,WDC,Western Digital Corporation,WDC-USDT-SWAP,415.29,149729050624.0,15.426821,13.0801935,11.589833,11.559799055358221,0.43608,0.72947,False,0.5803,0.2254039893158711,0.015152370702578563,0.48560002,0.3677,-0.15211348469007324,72,WATCH,5,—,74,WATCH,14,—,0.0,18,—,75,WATCH
2026-10-05 07:09 UTC,AVGO,Broadcom Inc.,AVGO-USDT-SWAP,355.14,1695307005952.0,45.356323,18.31202,19.026161,19.42394271631035,0.54307,0.42944,False,0.6636,0.2759496684749849,0.01804776323614526,0.65879995,0.64129996,-0.5962631274144512,100,CORE,5,—,82,CORE,21,—,0.1315509839226855,28,—,75,WATCH
2026-10-05 07:09 UTC,XIAOMI,XIAOMI-W,XIAOMI-USDT-SWAP,23.76,611891085312.0,17.470589,15.442761,1.3966912,1.2457971964505588,0.040120002,0.07533,False,0.39580002,0.3901657458228527,-0.014186696659543177,-0.043899998,0.24120001,-0.11607095788241595,72,WATCH,0,—,71,WATCH,7,—,3.4002392821872918,10,—,70,WATCH
2026-10-05 07:09 UTC,HOOD,"Robinhood Markets, Inc.",HOOD-USDT-SWAP,112.74,101362540544.0,49.6652,32.800144,20.552017,20.365681796758828,0.43884,0.42011002,False,0.3384,0.9692713947990546,,0.1752,0.2775,-0.3395749136216102,86,CORE,0,—,75,CORE,4,—,0.0,5,—,70,WATCH
2026-10-05 07:09 UTC,ORCL,Oracle Corporation,ORCL-USDT-SWAP,142.3,431382593536.0,22.304075,12.939669,6.010123,7.9096305188513805,0.35632,0.2636,False,0.3508,0.3688617160775371,-0.10629456787336367,0.3428,0.4562,-0.41985179838213427,95,CORE,0,—,78,CORE,7,—,0.0,10,—,70,WATCH
2026-10-05 07:09 UTC,IREN,IREN LIMITED,IREN-USDT-SWAP,41.76,16455888896.0,,-10.485507,23.275427,26.024953779239656,-1.0247,-0.9938,True,-0.16409999,,-0.2564004476856672,2.9631,1.6088,,0,—,0,—,0,—,68,WATCH,0.1320581632299975,68,WATCH,0,—
2026-10-05 07:09 UTC,CRDO,Credo Technology Group Holding ,CRDO-USDT-SWAP,218.64,41093808128.0,77.53191,22.562,25.828188,25.364307223814826,0.25198,0.33833,False,0.5366,0.42046216921356694,0.006042050890650423,0.8741,0.548,-0.7089972373955447,96,CORE,5,—,76,CORE,21,—,0.0,28,—,67,WATCH
2026-10-05 07:09 UTC,AMD,"Advanced Micro Devices, Inc.",AMD-USDT-SWAP,633.91,1034842210304.0,161.71173,40.596504,25.053679,24.839781801861104,0.1725,0.15577,False,1.0567,0.3841819248604145,0.008543814274257986,0.4706,0.7321,-0.748957580257165,100,CORE,0,—,76,CORE,23,—,0.0,33,—,65,WATCH
2026-10-05 07:09 UTC,MRVL,"Marvell Technology, Inc.",MRVL-USDT-SWAP,272.29,244708294656.0,89.569084,40.343086,25.894234,25.40918118470108,0.16679001,0.27934998,False,0.6027,0.6693725900116143,0.009840491608121126,0.4705,0.5089,-0.5495869311335149,100,CORE,0,—,76,CORE,23,—,0.0,33,—,65,WATCH
2026-10-05 07:09 UTC,ADBE,Adobe Inc.,ADBE-USDT-SWAP,237.69,92508946432.0,13.271357,8.589151,3.5621467,3.6062360772275017,0.34822,0.28048,False,0.1304,0.6586772239263804,0.10101861210655194,0.1195,0.091800004,-0.3528053687350887,65,WATCH,19,—,65,WATCH,27,—,0.0,30,—,65,WATCH
2026-10-05 07:09 UTC,MRNA,"Moderna, Inc.",MRNA-USDT-SWAP,190.01,75858812928.0,,-42.691776,34.04794,32.319484323159784,-5.5793104,-1.41427,True,0.42880002,-0.9956104013241417,0.003944828193976982,0.0808,0.1584,,0,—,0,—,0,—,64,—,0.0,64,—,0,—
2026-10-05 07:09 UTC,ARM,Arm Holdings plc,ARM-USDT-SWAP,307.49,328398864384.0,316.99997,100.659294,63.69257,63.03265122272279,0.07603,0.20247999,False,0.3741,2.690705533279872,0.004063655854910498,0.2289,0.36220002,-0.6824627649018389,85,CORE,5,—,50,—,46,—,0.0,63,—,35,—
2026-10-05 07:09 UTC,TSLA,"Tesla, Inc.",TSLA-USDT-SWAP,370.59,1463662804992.0,343.1389,172.79016,14.125428,13.866952796485739,0.014099999,0.03671,False,0.2313,7.470391699092088,0.0033040395147750116,0.1234,0.1362,-0.496442519341293,45,—,5,—,29,—,46,—,0.0,63,WATCH,22,—
2026-10-05 07:09 UTC,MU,"Micron Technology, Inc.",MU-USDT-SWAP,1074.89,1213973397504.0,14.461052,5.219066,9.114736,8.832407273060081,0.80678004,0.63796,False,0.1674,0.31177216248506573,0.02406498451124728,1.0626999,0.1435,-0.6390949980679137,75,CORE,13,—,66,WATCH,30,—,0.046474033902492,38,—,62,WATCH
2026-10-05 07:09 UTC,GLW,Corning Incorporated,GLW-USDT-SWAP,164.19,141431357440.0,75.31651,37.707382,8.337147,8.77583997398108,0.15649,0.111999996,False,0.3266,1.1545432333129213,0.0051933318133611205,0.1749,0.1894,-0.49934772601651345,82,CORE,0,—,67,WATCH,9,—,0.0,13,—,60,WATCH
2026-10-05 07:09 UTC,MSFT,Microsoft Corporation,MSFT-USDT-SWAP,517.53,3842942959616.0,28.831755,21.885357,11.580745,11.737355562000422,0.45111,0.40305,False,0.1974,1.108680699088146,0.00430542434115475,0.1784,0.195,-0.24092872598286164,68,WATCH,3,—,62,WATCH,17,—,0.0,23,—,59,WATCH
2026-10-05 07:09 UTC,LITE,Lumentum Holdings Inc.,LITE-USDT-SWAP,1085.42,97362173952.0,,30.518534,32.303307,31.949228084438886,0.27954,-2.3009598,True,0.6018,0.5071208707211698,0.0023078778018122124,1.0986,0.542,,0,—,0,—,0,—,59,—,0.0,59,—,0,—
2026-10-05 07:09 UTC,DELL,Dell Technologies Inc.,DELL-USDT-SWAP,562.52,357657378816.0,32.70465,19.319212,2.3655057,2.5223474272113933,0.12020001,0.07525,False,0.0083,23.27615903614458,0.01686914793138917,0.70379996,0.16540001,-0.4092824109109867,65,WATCH,20,—,37,—,47,—,0.0,58,—,25,—
2026-10-05 07:09 UTC,KO,Coca-Cola Company (The),KO-USDT-SWAP,85.65,368513318912.0,25.720722,24.288294,7.3513002,7.950854208329844,0.34873,0.28558,False,0.0681,3.566562995594714,0.014161631843885197,0.0345,0.0025,-0.05569159372742327,22,—,32,—,12,—,50,—,0.056214109498062007,58,—,7,—
2026-10-05 07:09 UTC,AAPL,Apple Inc.,AAPL-USDT-SWAP,333.69,4869931925504.0,38.2672,34.821583,10.432074,10.479083456505606,0.32623002,0.27618998,False,0.0857,4.063195215869311,0.022119790811008438,0.14819999,0.104899995,-0.09004100117071556,26,—,20,—,11,—,47,—,0.0,58,—,5,—
2026-10-05 07:09 UTC,BE,Bloom Energy Corporation,BE-USDT-SWAP,289.15,85162582016.0,380.4605,58.507515,27.35576,27.396501956870726,0.17106001,0.07868,False,0.8257,0.7085807799442897,0.006242618429536555,1.0335,0.65,-0.8462192132954669,90,CORE,10,—,66,WATCH,37,—,0.0,48,—,55,WATCH
2026-10-05 07:09 UTC,COHR,Coherent Corp.,COHR-USDT-SWAP,337.04,66003300352.0,81.80583,23.996212,9.272495,9.539045841249363,0.118269995,0.11309,False,0.491,0.48872122199592666,-0.009847714107228043,0.49330002,0.3884,-0.7066686811930152,91,CORE,5,—,64,WATCH,26,—,0.0,35,—,52,—
2026-10-05 07:09 UTC,SMCI,"Super Micro Computer, Inc.",SMCI-USDT-SWAP,43.69,28702816256.0,13.40184,8.203278,0.7347813,0.8868872565596118,0.13382,0.0571,False,0.22780001,0.36010876382314466,-0.2873858717705335,0.71849996,0.1733,-0.38789912429935003,72,WATCH,5,—,58,WATCH,19,—,0.0,25,—,52,—
2026-10-05 07:09 UTC,PLTR,Palantir Technologies Inc.,PLTR-USDT-SWAP,188.75,453577277440.0,162.71552,80.51924,73.68123,72.2050934009752,0.47120997,0.49005002,False,0.44689998,1.8017284314937765,0.004760169037095581,0.83559996,0.4967,-0.5051532883894543,75,CORE,10,—,46,—,37,—,0.0,48,—,33,—
2026-10-05 07:09 UTC,INTC,Intel Corporation,INTC-USDT-SWAP,119.33,630790946816.0,,57.86876,11.060299,11.192164683447684,0.12189999,-0.19794,True,0.35639998,1.623702672486121,0.007714719421012091,0.1934,0.1416,,0,—,0,—,5,—,48,—,0.0,48,—,5,—
2026-10-05 07:09 UTC,SKHYNIX,SK hynix,SKHYNIX-USDT-SWAP,1841000.0,1309090059911168.0,,3.9148088,6.9201555,6.568328510612484,0.76328003,0.85619,True,0.3309,0.11830791175581745,0.04260065906213382,2.5530999,0.5414,,0,—,0,—,45,—,5,—,0.0,5,—,45,—
2026-10-05 07:09 UTC,SKHY,SK hynix,SKHY-USDT-SWAP,1841000.0,1309090059911168.0,,3.9148088,6.9201555,6.568328510612484,0.76328003,0.85619,True,0.3309,0.11830791175581745,0.04260065906213382,2.5530999,0.5414,,0,—,0,—,45,—,5,—,-0.031156396899909,5,—,45,—
2026-10-05 07:09 UTC,AXT,AXT Inc,AXT-USDT-SWAP,85.87,5630771712.0,2146.75,38.164444,44.86349,41.94891725692978,0.21902001,0.0323,False,1.5922,0.23969629443537246,-0.00788826155131469,1.4678999,1.1135,-0.9822222224292535,92,CORE,5,—,59,WATCH,26,—,,35,—,45,—
2026-10-05 07:09 UTC,AAOI,"Applied Optoelectronics, Inc.",AAOI-USDT-SWAP,115.59,9814317056.0,,25.117338,16.467804,16.067522111986097,-0.12884,-0.09568,True,5.7676,0.043549029058880646,-0.09038327444880134,1.2787,1.5647999,,0,—,0,—,0,—,45,—,0.0,45,—,0,—
2026-10-05 07:09 UTC,CRCL,"Circle Internet Group, Inc.",CRCL-USDT-SWAP,81.25,20627415040.0,55.650684,54.194847,7.0995865,6.510077783165252,0.04899,0.15531999,False,0.2935,1.8465024531516185,0.009997829374164761,0.0941,0.23709999,-0.02616027145326727,52,WATCH,0,—,46,—,23,—,0.22440018087755853,33,—,43,—
2026-10-05 07:09 UTC,COIN,"Coinbase Global, Inc.",COIN-USDT-SWAP,183.0,48282157056.0,,64.50771,7.988771,7.637903950329565,-0.13922,-0.16344,True,2.4502,0.2632752836503143,0.05526788831959182,-0.2574,0.2927,,0,—,0,—,20,—,40,—,0.12849236159939398,40,—,20,—
2026-10-05 07:09 UTC,SOFTBANK,SOFTBANK GROUP CORP,SOFTBANK-USDT-SWAP,6497.0,37026724315136.0,7.446675,22.002098,4.6295557,7.846566690160936,-0.115509994,0.61613,True,-0.39720002,,-0.059019611946679255,3.1319,0.0717,1.954620417837491,0,—,86,CORE,0,—,54,—,0.0,40,—,0,—
2026-10-05 07:09 UTC,CRWV,"CoreWeave, Inc.",CRWV-USDT-SWAP,89.62,49428709376.0,,-49.556526,6.5123463,12.58270240071332,-0.01903,-0.25402,True,0.154,-3.2179562337662335,-0.1838732092894369,1.5082,1.0407,,0,—,0,—,0,—,40,—,0.0,40,—,0,—
2026-10-05 07:09 UTC,SAMSUNG,SamsungElec,SAMSUNG-USDT-SWAP,276000.0,1812371509084160.0,,3.9094155,3.7347536,3.418754529901812,0.52182,0.30842,True,0.4773,0.08190688246385922,0.03837558976673712,1.168,0.3417,,0,—,0,—,38,—,10,—,0.31626911242069194,10,—,38,—
2026-10-05 07:09 UTC,META,"Meta Platforms, Inc.",META-USDT-SWAP,728.08,1854788337664.0,27.433308,20.858347,8.126233,8.22287414531999,0.34827,0.29834998,False,0.093,2.2428330107526877,0.011620530844584434,0.2647,0.2061,-0.23967073165219455,51,WATCH,20,—,27,—,33,—,0.1282514339763765,38,—,17,—
2026-10-05 07:09 UTC,GOOGL,Alphabet Inc.,GOOGL-USDT-SWAP,343.5,4200982642688.0,17.235323,22.791302,9.422074,9.189633674463042,0.34033,0.54771,False,-0.2755,,0.0053951665331085,0.2378,0.2334,0.32236001611342013,0,—,70,CORE,1,—,48,—,0.24482627542813798,38,—,2,—
2026-10-05 07:09 UTC,AMZN,"Amazon.com, Inc.",AMZN-USDT-SWAP,251.52,2712973606912.0,20.234915,24.009829,3.4975421,3.6633926267609715,0.13689,0.1744,False,-0.1838,,0.0011865670140684189,0.15529999,0.1444,0.18655447774304945,0,—,52,WATCH,0,—,42,—,0.184642211930868,38,—,0,—
2026-10-05 07:09 UTC,FLNC,"Fluence Energy, Inc.",FLNC-USDT-SWAP,7.61,1481383808.0,,-28.572504,0.56286484,0.4640535841899774,-0.08851,-0.03073,True,0.7014,-0.40736390076988876,0.0016328482780338315,0.062,0.35349998,,0,—,0,—,5,—,28,—,0.0,28,—,5,—
2026-10-05 07:09 UTC,MSTR,Strategy Inc,MSTR-USDT-SWAP,160.01,63804116992.0,,3.2331781,128.03151,161.01963765778243,-68.081116,0.0,False,1.5753999,0.02052290405756659,-0.3540135674134023,0.0513,0.0222,,0,—,0,—,25,—,25,—,0.0,25,—,25,—
2026-10-05 07:09 UTC,BMNR,"BitMine Immersion Technologies,",BMNR-USDT-SWAP,26.27,15846757376.0,,27.94681,258.9551,253.4248981125909,0.08424,0.0,False,1.0318,0.27085491374297344,-0.03269414756009703,18.6473,4.2175,,0,—,0,—,25,—,25,—,0.3589800044557125,25,—,25,—
2026-10-05 07:09 UTC,PURI,Hyperliquid Strategies Inc,PURI-USDT-SWAP,11.89,2828860416.0,3.7040498,32.135136,299.03387,234.07760507399578,95.9509,32.29831,False,0.5102,0.6298537044296355,,4.2891,0.3341,7.675676012779311,46,—,55,WATCH,31,—,24,—,,10,—,25,—
2026-10-05 07:09 UTC,QCOM,QUALCOMM Incorporated,QCOM-USDT-SWAP,184.87,197452333056.0,21.39699,18.117386,4.480527,4.56381461047661,0.18528,0.21013,False,-0.026700001,,0.05186568469208982,-0.0286,0.0475,-0.15327408200873105,11,—,32,—,21,—,20,—,0.254044041804432,15,—,25,—
2026-10-05 16:08 UTC,RKLB,Rocket Lab Corporation,RKLB-USDT-SWAP,72.48,46344511488.0,,1342.471,60.254505,54.686079255404394,-0.24572,-0.21511999,True,0.6811,19.71033622081926,-0.005436752355567304,0.59900004,0.41619998,,0,—,0,—,0,—,100,CORE,0.104865650996037,100,CORE,0,—
2026-10-05 16:08 UTC,USAR,"USA Rare Earth, Inc.",USAR-USDT-SWAP,13.495,5061658112.0,,449.83334,384.56604,137.37168697766296,-7.95636,0.0,True,1.0526,4.273544936348091,-0.0560995044937559,43.7519,8.7013,,0,—,0,—,0,—,100,CORE,0.3001301436898275,100,CORE,0,—
2026-10-05 16:08 UTC,CBRS,Cerebras Systems Inc.,CBRS-USDT-SWAP,179.25,42583355392.0,,140.73393,62.56066,48.633199179052525,-2.64968,-0.75271004,True,3.7132,0.379009829796402,,,2.3273,,0,—,0,—,0,—,88,CORE,0.21465922251237002,88,CORE,0,—
2026-10-05 16:08 UTC,IONQ,"IonQ, Inc.",IONQ-USDT-SWAP,43.1135,17466814464.0,,-33.35667,70.86676,59.3343383561755,-4.08174,0.0,True,0.1815,-1.8378330578512398,-0.005025229539187484,2.5003998,0.7895,,0,—,0,—,0,—,85,CORE,0.0,85,CORE,0,—
2026-10-05 16:08 UTC,APP,Applovin Corporation,APP-USDT-SWAP,285.64,95957770240.0,21.95542,13.61436,14.051256,13.211336249233682,0.77678,0.64575994,False,0.27719998,0.49113856357421093,0.03313912167869898,0.4777,0.2656,-0.37990892453890657,80,CORE,5,—,82,CORE,8,—,0.0,10,—,83,CORE
2026-10-05 16:08 UTC,NBIS,Nebius Group N.V.,NBIS-USDT-SWAP,235.71,64078999552.0,184.14845,-67.52804,47.287285,50.70337051545432,-0.00223,0.03129,True,-1.4777,,-0.15004370285459478,5.2959003,2.688,,0,—,0,—,0,—,83,WATCH,0.0,83,WATCH,0,—
2026-10-05 16:08 UTC,TSM,Taiwan Semiconductor Manufactur,TSM-USDT-SWAP,484.735,2514065293312.0,35.227833,22.108679,0.5661681,3.875468958448525,0.60344005,0.49923,False,0.2947,0.7502096708517135,0.29069492215025905,0.42900002,0.3465,-0.37240877121224003,81,CORE,5,—,82,CORE,8,—,0.0,10,—,82,CORE
2026-10-05 16:08 UTC,OKTA,"Okta, Inc.",OKTA-USDT-SWAP,217.35,37997330432.0,130.93375,49.64052,12.364898,11.300644306944756,0.13292,0.09632,False,0.1144,4.339206293706294,0.027307840108844832,0.104499996,0.100200005,-0.6208729987493675,67,WATCH,13,—,26,—,60,WATCH,-0.499997396778963,80,CORE,8,—
2026-10-05 16:08 UTC,ASTS,"AST SpaceMobile, Inc.",ASTS-USDT-SWAP,58.765,22869426176.0,,-45.671806,198.34886,162.46216185743154,-5.44626,0.0,True,0.5177,-0.8822060266563646,-0.07868903129229088,1.3808,2.7559,,0,—,0,—,0,—,80,WATCH,0.0,80,WATCH,0,—
2026-10-05 16:08 UTC,AMAT,"Applied Materials, Inc.",AMAT-USDT-SWAP,538.13,427058593792.0,46.430542,29.141983,13.848902,13.83686358800539,0.33736,0.30052,False,0.4443,0.6559077875309476,0.007201295439795949,0.20719999,0.34849998,-0.37235315926314194,91,CORE,0,—,81,CORE,9,—,0.0,13,—,77,WATCH
2026-10-05 16:08 UTC,NVDA,NVIDIA Corporation,NVDA-USDT-SWAP,236.83,5718733750272.0,29.940582,14.989971,18.875576,18.53182103959253,0.66236997,0.63663,False,0.6966,0.21518763996554696,0.007311037157834354,0.90639997,0.67,-0.49934269814795185,90,CORE,5,—,80,CORE,14,—,0.0,18,—,75,WATCH
2026-10-05 16:08 UTC,SNDK,Sandisk Corporation,SNDK-USDT-SWAP,1707.59,250023624704.0,23.150623,6.480773,12.348065,12.212476151087131,0.78472,0.56465,False,0.2318,0.2795846850733391,0.030880581853577446,1.4175999,0.18280001,-0.7200605357359066,82,CORE,5,—,77,CORE,8,—,0.22028133859163102,10,—,75,CORE
2026-10-05 16:08 UTC,WDC,Western Digital Corporation,WDC-USDT-SWAP,441.62,159222087680.0,16.404903,13.909496,12.324645,11.559799055358221,0.43608,0.72947,False,0.5803,0.23969491642254007,0.014248965787709485,0.48560002,0.3677,-0.15211348704713468,72,WATCH,5,—,74,WATCH,14,—,0.0,18,—,75,WATCH
2026-10-05 16:08 UTC,AVGO,Broadcom Inc.,AVGO-USDT-SWAP,361.165,1724068134912.0,46.1258,18.622686,19.348942,19.42394271631035,0.54307,0.42944,False,0.6636,0.2806311934900543,0.017746688101489508,0.65879995,0.64129996,-0.5962631325635543,100,CORE,5,—,82,CORE,21,—,0.0005553354092655,28,—,75,WATCH
2026-10-05 16:08 UTC,XIAOMI,XIAOMI-W,XIAOMI-USDT-SWAP,23.88,614981435392.0,17.558823,15.520755,1.4037452,1.2457971964505588,0.040120002,0.07533,False,0.39580002,0.3921362864003898,-0.014115406931701541,-0.043899998,0.24120001,-0.11607087787148385,72,WATCH,0,—,71,WATCH,7,—,0.0,10,—,70,WATCH
2026-10-05 16:08 UTC,HOOD,"Robinhood Markets, Inc.",HOOD-USDT-SWAP,113.76,102279602176.0,50.11454,33.0969,20.737957,20.365681796758828,0.43884,0.42011002,False,0.3401,0.9731520141134961,,0.17719999,0.28,-0.33957490181492234,86,CORE,0,—,75,CORE,4,—,0.0,5,—,70,WATCH
2026-10-05 16:08 UTC,ORCL,Oracle Corporation,ORCL-USDT-SWAP,143.13,433898749952.0,22.43417,13.015142,6.0451784,7.9096305188513805,0.35632,0.2636,False,0.3508,0.3710131698973775,-0.10567817117028466,0.3428,0.4562,-0.41985185990834517,95,CORE,0,—,78,CORE,7,—,0.0,10,—,70,WATCH
2026-10-05 16:08 UTC,IREN,IREN LIMITED,IREN-USDT-SWAP,40.355,15902236672.0,,-10.132726,22.492334,26.024953779239656,-1.0247,-0.9938,True,-0.16409999,,-0.26532728489880697,2.9631,1.6088,,0,—,0,—,0,—,68,WATCH,0.3161760584734905,68,WATCH,0,—
2026-10-05 16:08 UTC,CRDO,Credo Technology Group Holding ,CRDO-USDT-SWAP,212.345,39910649856.0,75.299644,21.912405,25.08455,25.364307223814826,0.25198,0.33833,False,0.5366,0.4083564107342527,0.006221168557661884,0.8741,0.548,-0.7089972297876999,96,CORE,5,—,76,CORE,21,—,0.0,28,—,67,WATCH
2026-10-05 16:08 UTC,AMD,"Advanced Micro Devices, Inc.",AMD-USDT-SWAP,632.0,1031724204032.0,161.22449,40.19341,24.97819,24.839781801861104,0.1725,0.15577,False,1.0624,0.3783265248493976,0.008569634804967483,0.4708,0.7349,-0.7506991028472163,100,CORE,0,—,76,CORE,23,—,0.0,33,—,65,WATCH
2026-10-05 16:08 UTC,MRVL,"Marvell Technology, Inc.",MRVL-USDT-SWAP,272.04,244483620864.0,89.48685,40.306046,25.87046,25.40918118470108,0.16679001,0.27934998,False,0.6027,0.6687580222332835,0.009849534752021431,0.4705,0.5089,-0.5495869393100774,100,CORE,0,—,76,CORE,23,—,0.0,33,—,65,WATCH
2026-10-05 16:08 UTC,ADBE,Adobe Inc.,ADBE-USDT-SWAP,236.8009,92162908160.0,13.221714,8.557023,3.5488222,3.6062360772275017,0.34822,0.28048,False,0.1304,0.6562134202453987,0.10139790033292283,0.1195,0.091800004,-0.3528053170715991,65,WATCH,19,—,65,WATCH,27,—,0.07817516345959949,30,—,65,WATCH
2026-10-05 16:08 UTC,MRNA,"Moderna, Inc.",MRNA-USDT-SWAP,196.25,78350049280.0,,-44.093792,35.166092,32.319484323159784,-5.5793104,-1.41427,True,0.42880002,-1.0283066684558457,0.003819397521124316,0.0808,0.1584,,0,—,0,—,0,—,64,—,0.0,64,—,0,—
2026-10-05 16:08 UTC,TSLA,"Tesla, Inc.",TSLA-USDT-SWAP,376.98,1488900456448.0,349.05554,175.76955,14.368991,13.866952796485739,0.014099999,0.03671,False,0.2318,7.582810612597067,0.0032480342947419183,0.1241,0.1303,-0.49644245726625624,45,—,5,—,29,—,46,—,0.0,63,WATCH,22,—
2026-10-05 16:08 UTC,MU,"Micron Technology, Inc.",MU-USDT-SWAP,1064.6599,1202419662848.0,14.3234215,5.1693945,9.0279875,8.832407273060081,0.80678004,0.63796,False,0.1674,0.30880492831541223,0.024296218625371086,1.0641999,0.1427,-0.6390949955637346,75,CORE,13,—,66,WATCH,30,—,0.10785114874793099,38,—,62,WATCH
2026-10-05 16:08 UTC,GLW,Corning Incorporated,GLW-USDT-SWAP,160.495,138248519680.0,73.62155,36.858795,8.149524,8.77583997398108,0.15649,0.111999996,False,0.3266,1.1285607777097368,0.005312895716352888,0.1749,0.1894,-0.4993477453272853,82,CORE,0,—,67,WATCH,9,—,0.0,13,—,60,WATCH
2026-10-05 16:08 UTC,MSFT,Microsoft Corporation,MSFT-USDT-SWAP,525.01,3898485768192.0,29.248466,22.201672,11.748124,11.737355562000422,0.45111,0.40305,False,0.1974,1.1247047619047619,0.004244083765803589,0.1784,0.195,-0.24092866955825998,68,WATCH,3,—,62,WATCH,17,—,0.0,23,—,59,WATCH
2026-10-05 16:08 UTC,LITE,Lumentum Holdings Inc.,LITE-USDT-SWAP,1089.71,97746984960.0,,30.639153,32.43098,31.949228084438886,0.27954,-2.3009598,True,0.6329,0.484107331331964,0.002298792132483183,1.1007,0.5548,,0,—,0,—,0,—,59,—,0.0,59,—,0,—
2026-10-05 16:08 UTC,DELL,Dell Technologies Inc.,DELL-USDT-SWAP,556.95,354115911680.0,32.380814,19.127916,2.3420827,2.5223474272113933,0.12020001,0.07525,False,0.0083,23.04568192771084,0.017037854083925247,0.70379996,0.16540001,-0.40928242260988257,65,WATCH,20,—,37,—,47,—,0.0,58,—,25,—
2026-10-05 16:08 UTC,KO,Coca-Cola Company (The),KO-USDT-SWAP,86.28,371223920640.0,25.90991,24.466948,7.4053726,7.950854208329844,0.34873,0.28558,False,0.0681,3.5927970631424375,0.014058226482287928,0.0345,0.0025,-0.05569150954210189,22,—,32,—,12,—,50,—,0.0,58,—,7,—
2026-10-05 16:08 UTC,AAPL,Apple Inc.,AAPL-USDT-SWAP,333.37,4865261568000.0,38.230503,34.78819,10.42207,10.479083456505606,0.32623002,0.27618998,False,0.0857,4.059298716452742,0.02214102447533608,0.14819999,0.104899995,-0.0900410073076987,26,—,20,—,11,—,47,—,0.0,58,—,5,—
2026-10-05 16:08 UTC,BE,Bloom Energy Corporation,BE-USDT-SWAP,289.58,85289230336.0,381.0263,58.59452,27.39644,27.396501956870726,0.17106001,0.07868,False,0.8257,0.7096344919462275,0.006233348594020545,1.0335,0.65,-0.846219224237277,90,CORE,10,—,66,WATCH,37,—,0.0,48,—,55,WATCH
2026-10-05 16:08 UTC,ARM,Arm Holdings plc,ARM-USDT-SWAP,301.53,322033614848.0,310.85565,98.45042,62.458035,63.03265122272279,0.07603,0.20247999,False,0.3746,2.6281478910838225,0.0041439772324075065,0.2314,0.3623,-0.6832921647073168,85,CORE,0,—,50,—,37,—,0.0,53,—,35,—
2026-10-05 16:08 UTC,COHR,Coherent Corp.,COHR-USDT-SWAP,333.155,65242488832.0,80.86287,23.719612,9.165612,9.539045841249363,0.118269995,0.11309,False,0.491,0.48308782077393075,-0.009962551147821914,0.49330002,0.3884,-0.7066686848982728,91,CORE,5,—,64,WATCH,26,—,0.0,35,—,52,—
2026-10-05 16:08 UTC,SMCI,"Super Micro Computer, Inc.",SMCI-USDT-SWAP,43.595,28640405504.0,13.3727,8.18544,0.7331836,0.8868872565596118,0.13382,0.0571,False,0.22780001,0.3593257085458425,-0.28801211878260424,0.71849996,0.1733,-0.3878992275307156,72,WATCH,5,—,58,WATCH,19,—,0.0,25,—,52,—
2026-10-05 16:08 UTC,PLTR,Palantir Technologies Inc.,PLTR-USDT-SWAP,188.19,452255580160.0,162.24138,80.284615,73.46262,72.2050934009752,0.47120997,0.49005002,False,0.44689998,1.7964783753178957,0.004774080424250701,0.83559996,0.4967,-0.5051532784052994,75,CORE,10,—,46,—,37,—,0.0,48,—,33,—
2026-10-05 16:08 UTC,INTC,Intel Corporation,INTC-USDT-SWAP,117.435,620773769216.0,,56.933487,10.884657,11.192164683447684,0.12189999,-0.19794,True,0.3568,1.5956694786995516,0.007839208757396337,0.1934,0.1419,,0,—,0,—,5,—,48,—,0.0427826091482775,48,—,5,—
2026-10-05 16:08 UTC,SKHYNIX,SK hynix,SKHYNIX-USDT-SWAP,1841000.0,1309090059911168.0,,3.9148088,6.9201555,6.568328510612484,0.76328003,0.85619,True,0.3309,0.11830791175581745,0.04260065906213382,2.5530999,0.5414,,0,—,0,—,45,—,5,—,0.0,5,—,45,—
2026-10-05 16:08 UTC,SKHY,SK hynix,SKHY-USDT-SWAP,1841000.0,1309090059911168.0,,3.9148088,6.9201555,6.568328510612484,0.76328003,0.85619,True,0.3309,0.11830791175581745,0.04260065906213382,2.5530999,0.5414,,0,—,0,—,45,—,5,—,-0.03581729464150949,5,—,45,—
2026-10-05 16:08 UTC,AXT,AXT Inc,AXT-USDT-SWAP,85.32,5594706432.0,2133.0,37.92,44.576138,41.94891725692978,0.21902001,0.0323,False,1.5922,0.2381610350458485,-0.007939111826484482,1.4678999,1.1135,-0.9822222222222222,92,CORE,5,—,59,WATCH,26,—,,35,—,45,—
2026-10-05 16:08 UTC,AAOI,"Applied Optoelectronics, Inc.",AAOI-USDT-SWAP,114.35,9709033472.0,,24.84789,16.291145,16.067522111986097,-0.12884,-0.09568,True,5.7676,0.0430818538040086,-0.09136337973889724,1.2787,1.5647999,,0,—,0,—,0,—,45,—,0.0,45,—,0,—
2026-10-05 16:08 UTC,CRCL,"Circle Internet Group, Inc.",CRCL-USDT-SWAP,83.455,21187213312.0,57.160957,55.665615,7.2922587,6.510077783165252,0.04899,0.15531999,False,0.2935,1.8966137989778538,0.009733671576487878,0.0941,0.23709999,-0.026160198822423486,52,WATCH,0,—,46,—,23,—,0.0,33,—,43,—
2026-10-05 16:08 UTC,COIN,"Coinbase Global, Inc.",COIN-USDT-SWAP,187.18,49384992768.0,,65.98117,8.171247,7.637903950329565,-0.13922,-0.16344,True,2.4591,0.26831430198039935,0.05403367935145427,-0.257,0.2926,,0,—,0,—,20,—,40,—,0.0,40,—,20,—
2026-10-05 16:08 UTC,SOFTBANK,SOFTBANK GROUP CORP,SOFTBANK-USDT-SWAP,6497.0,37026724315136.0,7.446675,22.002098,4.6295557,7.979816954471463,-0.115509994,0.61613,True,-0.38970003,,-0.059019611946679255,3.139,0.069299996,1.954620417837491,0,—,86,CORE,0,—,54,—,0.0,40,—,0,—
2026-10-05 16:08 UTC,CRWV,"CoreWeave, Inc.",CRWV-USDT-SWAP,87.88,48469032960.0,,-48.594368,6.3859067,12.58270240071332,-0.01903,-0.25402,True,0.154,-3.155478441558442,-0.18751385924081784,1.5082,1.0407,,0,—,0,—,0,—,40,—,0.0,40,—,0,—
2026-10-05 16:08 UTC,SAMSUNG,SamsungElec,SAMSUNG-USDT-SWAP,276000.0,1812371509084160.0,,3.9094155,3.7347536,3.418754529901812,0.52182,0.30842,True,0.4773,0.08190688246385922,0.03837558976673712,1.168,0.3417,,0,—,0,—,38,—,10,—,0.0,10,—,38,—
2026-10-05 16:08 UTC,META,"Meta Platforms, Inc.",META-USDT-SWAP,742.99,1892771561472.0,27.9951,21.285496,8.292646,8.22287414531999,0.34827,0.29834998,False,0.093,2.288763010752688,0.011387335654619538,0.2647,0.2061,-0.23967065665062826,51,WATCH,20,—,27,—,33,—,0.0,38,—,17,—
2026-10-05 16:08 UTC,GOOGL,Alphabet Inc.,GOOGL-USDT-SWAP,344.77,4216514674688.0,17.299046,22.875565,9.45691,9.189633674463042,0.34033,0.54771,False,-0.2755,,0.005375292797167151,0.2378,0.2334,0.32235991510745743,0,—,70,CORE,1,—,48,—,0.10488806337226951,38,—,2,—
2026-10-05 16:08 UTC,AMZN,"Amazon.com, Inc.",AMZN-USDT-SWAP,251.6001,2713837371392.0,20.24136,24.017475,3.4986558,3.6633926267609715,0.13689,0.1744,False,-0.1841,,0.0011861893516297273,0.15529999,0.1444,0.18655441136366324,0,—,52,WATCH,0,—,42,—,0.137483755043505,38,—,0,—
2026-10-05 16:08 UTC,FLNC,"Fluence Energy, Inc.",FLNC-USDT-SWAP,7.525,1464837504.0,,-28.253363,0.5565779,0.4640535841899774,-0.08851,-0.03073,True,0.7014,-0.40281384374108925,0.0016512923743383348,0.062,0.35349998,,0,—,0,—,5,—,28,—,0.0,28,—,5,—
2026-10-05 16:08 UTC,MSTR,Strategy Inc,MSTR-USDT-SWAP,162.0099,64601579520.0,,3.2735887,129.63171,161.01963765778243,-68.081116,0.0,False,1.5753999,0.020779414166523683,-0.3496435108836175,0.0513,0.0222,,0,—,0,—,25,—,25,—,0.0,25,—,25,—
2026-10-05 16:08 UTC,BMNR,"BitMine Immersion Technologies,",BMNR-USDT-SWAP,26.71,16112176128.0,,28.414892,263.29236,253.4248981125909,0.08424,0.0,False,1.0318,0.2753914712153518,-0.032155571034234415,18.6473,4.2175,,0,—,0,—,25,—,25,—,0.0,25,—,25,—
2026-10-05 16:08 UTC,PURI,Hyperliquid Strategies Inc,PURI-USDT-SWAP,12.865,3060831744.0,4.007788,34.770267,323.55515,234.07760507399578,95.9509,32.29831,False,0.5102,0.6815026852214817,,4.2891,0.3341,7.675675210365419,46,—,55,WATCH,31,—,24,—,,10,—,25,—
2026-10-05 16:08 UTC,QCOM,QUALCOMM Incorporated,QCOM-USDT-SWAP,181.94,194322923520.0,21.057869,17.830246,4.4095154,4.56381461047661,0.18528,0.21013,False,-0.0274,,0.05270093853310097,-0.0287,0.0475,-0.15327396138707106,11,—,32,—,21,—,20,—,0.3065076393859935,15,—,25,—
